datetime|env_datetime|env_time|B6|B5|C5|E4|A6|A5|D4|F3|F2|a|C4|E3|E2|G1|i2|s6|q5|G6|B4|D3|D2|F1|s1|y4|p4|G7|F6|A4|C3|C2|E1|g|w3|r2|F7|E6|G5|B3|B2|D1|f|z2|C7|E7|D6|F5|A3|A2|C1|e|h|B7|G4|H4|B1|d|A7|D7|C6|E5|D5|F4|G3|A1|c|b|G2|OSS
2025-04-07 12:08:27.766906|1999-01-01 00:00:00|0|1.0|1.0|1.0|1.0|1.0|1.0|1.0|1.0|1.0|1.0|1.0|1.0|1.0|1.0|1.0|1.0|1.0|1.0|1.0|1.0|1.0|1.0|1.0|1.0|1.0|1.0|1.0|1.0|1.0|1.0|1.0|1.0|1.0|1.0|1.0|1.0|1.0|1.0|1.0|1.0|1.0|1.0|1.0|1.0|1.0|1.0|1.0|1.0|1.0|1.0|1.0|1.0|1.0|1.0|1.0|1.0|1.0|1.0|1.0|1.0|1.0|1.0|1.0|1.0|1.0|1.0|1.0|1.0
2025-04-07 12:08:27.837190|1999-01-01 01:00:00|1|1.0|1.0|1.0|1.0|1.0|1.0|1.0|1.0|1.0|1.0|1.0|1.0|1.0|1.0|1.0|1.0|1.0|1.0|1.0|1.0|1.0|1.0|1.0|1.0|1.0|1.0|1.0|1.0|1.0|1.0|1.0|1.0|1.0|1.0|1.0|1.0|1.0|1.0|1.0|1.0|1.0|1.0|1.0|1.0|1.0|1.0|1.0|1.0|1.0|1.0|1.0|1.0|1.0|1.0|1.0|1.0|1.0|1.0|1.0|1.0|1.0|1.0|1.0|1.0|1.0|1.0|1.0|1.0
2025-04-07 12:08:27.837190|1999-01-01 02:00:00|2|1.0|1.0|1.0|1.0|1.0|1.0|1.0|1.0|1.0|1.0|1.0|1.0|1.0|1.0|1.0|1.0|1.0|1.0|1.0|1.0|1.0|1.0|1.0|1.0|1.0|1.0|1.0|1.0|1.0|1.0|1.0|1.0|1.0|1.0|1.0|1.0|1.0|1.0|1.0|1.0|1.0|1.0|1.0|1.0|1.0|1.0|1.0|1.0|1.0|1.0|1.0|1.0|1.0|1.0|1.0|1.0|1.0|1.0|1.0|1.0|1.0|1.0|1.0|1.0|1.0|1.0|1.0|1.0
2025-04-07 12:08:27.838194|1999-01-01 03:00:00|3|1.0|1.0|1.0|1.0|1.0|1.0|1.0|1.0|1.0|1.0|1.0|1.0|1.0|1.0|1.0|1.0|1.0|1.0|1.0|1.0|1.0|1.0|1.0|1.0|1.0|1.0|1.0|1.0|1.0|1.0|1.0|1.0|1.0|1.0|1.0|1.0|1.0|1.0|1.0|1.0|1.0|1.0|1.0|1.0|1.0|1.0|1.0|1.0|1.0|1.0|1.0|1.0|1.0|1.0|1.0|1.0|1.0|1.0|1.0|1.0|1.0|1.0|1.0|1.0|1.0|1.0|1.0|1.0
2025-04-07 12:08:27.838194|1999-01-01 04:00:00|4|1.0|1.0|1.0|1.0|1.0|1.0|1.0|1.0|1.0|1.0|1.0|1.0|1.0|1.0|1.0|1.0|1.0|1.0|1.0|1.0|1.0|1.0|1.0|1.0|1.0|1.0|1.0|1.0|1.0|1.0|1.0|1.0|1.0|1.0|1.0|1.0|1.0|1.0|1.0|1.0|1.0|1.0|1.0|1.0|1.0|1.0|1.0|1.0|1.0|1.0|1.0|1.0|1.0|1.0|1.0|1.0|1.0|1.0|1.0|1.0|1.0|1.0|1.0|1.0|1.0|1.0|1.0|1.0
2025-04-07 12:08:27.838194|1999-01-01 05:00:00|5|1.0|1.0|1.0|1.0|1.0|1.0|1.0|1.0|1.0|1.0|1.0|1.0|1.0|1.0|1.0|1.0|1.0|1.0|1.0|1.0|1.0|1.0|1.0|1.0|1.0|1.0|1.0|1.0|1.0|1.0|1.0|1.0|1.0|1.0|1.0|1.0|1.0|1.0|1.0|1.0|1.0|1.0|1.0|1.0|1.0|1.0|1.0|1.0|1.0|1.0|1.0|1.0|1.0|1.0|1.0|1.0|1.0|1.0|1.0|1.0|1.0|1.0|1.0|1.0|1.0|1.0|1.0|1.0
2025-04-07 12:08:27.838194|1999-01-01 06:00:00|6|1.0|1.0|1.0|1.0|1.0|1.0|1.0|1.0|1.0|1.0|1.0|1.0|1.0|1.0|1.0|1.0|1.0|1.0|1.0|1.0|1.0|1.0|1.0|1.0|1.0|1.0|1.0|1.0|1.0|1.0|1.0|1.0|1.0|1.0|1.0|1.0|1.0|1.0|1.0|1.0|1.0|1.0|1.0|1.0|1.0|1.0|1.0|1.0|1.0|1.0|1.0|1.0|1.0|1.0|1.0|1.0|1.0|1.0|1.0|1.0|1.0|1.0|1.0|1.0|1.0|1.0|1.0|1.0
2025-04-07 12:08:27.839189|1999-01-01 07:00:00|7|1.0|1.0|1.0|1.0|1.0|1.0|1.0|1.0|1.0|1.0|1.0|1.0|1.0|1.0|1.0|1.0|1.0|1.0|1.0|1.0|1.0|1.0|1.0|1.0|1.0|1.0|1.0|1.0|1.0|1.0|1.0|1.0|1.0|1.0|1.0|1.0|1.0|1.0|1.0|1.0|1.0|1.0|1.0|1.0|1.0|1.0|1.0|1.0|1.0|1.0|1.0|1.0|1.0|1.0|1.0|1.0|1.0|1.0|1.0|1.0|1.0|1.0|1.0|1.0|1.0|1.0|1.0|1.0
2025-04-07 12:08:27.839189|1999-01-01 08:00:00|8|1.0|1.0|1.0|1.0|1.0|1.0|1.0|1.0|1.0|1.0|1.0|1.0|1.0|1.0|1.0|1.0|1.0|1.0|1.0|1.0|1.0|1.0|1.0|1.0|1.0|1.0|1.0|1.0|1.0|1.0|1.0|1.0|1.0|1.0|1.0|1.0|1.0|1.0|1.0|1.0|1.0|1.0|1.0|1.0|1.0|1.0|1.0|1.0|1.0|1.0|1.0|1.0|1.0|1.0|1.0|1.0|1.0|1.0|1.0|1.0|1.0|1.0|1.0|1.0|1.0|1.0|1.0|1.0
2025-04-07 12:08:27.839189|1999-01-01 09:00:00|9|1.0|1.0|1.0|1.0|1.0|1.0|1.0|1.0|1.0|1.0|1.0|1.0|1.0|1.0|1.0|1.0|1.0|1.0|1.0|1.0|1.0|1.0|1.0|1.0|1.0|1.0|1.0|1.0|1.0|1.0|1.0|1.0|1.0|1.0|1.0|1.0|1.0|1.0|1.0|1.0|1.0|1.0|1.0|1.0|1.0|1.0|1.0|1.0|1.0|1.0|1.0|1.0|1.0|1.0|1.0|1.0|1.0|1.0|1.0|1.0|1.0|1.0|1.0|1.0|1.0|1.0|1.0|1.0
2025-04-07 12:08:27.840184|1999-01-01 10:00:00|10|1.0|1.0|1.0|1.0|1.0|1.0|1.0|1.0|1.0|1.0|1.0|1.0|1.0|1.0|1.0|1.0|1.0|1.0|1.0|1.0|1.0|1.0|1.0|1.0|1.0|1.0|1.0|1.0|1.0|1.0|1.0|1.0|1.0|1.0|1.0|1.0|1.0|1.0|1.0|1.0|1.0|1.0|1.0|1.0|1.0|1.0|1.0|1.0|1.0|1.0|1.0|1.0|1.0|1.0|1.0|1.0|1.0|1.0|1.0|1.0|1.0|1.0|1.0|1.0|1.0|1.0|1.0|1.0
2025-04-07 12:08:27.841179|1999-01-01 11:00:00|11|1.0|1.0|1.0|1.0|1.0|1.0|1.0|1.0|1.0|1.0|1.0|1.0|1.0|1.0|1.0|1.0|1.0|1.0|1.0|1.0|1.0|1.0|1.0|1.0|1.0|1.0|1.0|1.0|1.0|1.0|1.0|1.0|1.0|1.0|1.0|1.0|1.0|1.0|1.0|1.0|1.0|1.0|1.0|1.0|1.0|1.0|1.0|1.0|1.0|1.0|1.0|1.0|1.0|1.0|1.0|1.0|1.0|1.0|1.0|1.0|1.0|1.0|1.0|1.0|1.0|1.0|1.0|1.0
2025-04-07 12:08:27.841179|1999-01-01 12:00:00|12|1.0|1.0|1.0|1.0|1.0|1.0|1.0|1.0|1.0|1.0|1.0|1.0|1.0|1.0|1.0|1.0|1.0|1.0|1.0|1.0|1.0|1.0|1.0|1.0|1.0|1.0|1.0|1.0|1.0|1.0|1.0|1.0|1.0|1.0|1.0|1.0|1.0|1.0|1.0|1.0|1.0|1.0|1.0|1.0|1.0|1.0|1.0|1.0|1.0|1.0|1.0|1.0|1.0|1.0|1.0|1.0|1.0|1.0|1.0|1.0|1.0|1.0|1.0|1.0|1.0|1.0|1.0|1.0
2025-04-07 12:08:27.842182|1999-01-01 13:00:00|13|1.0|1.0|1.0|1.0|1.0|1.0|1.0|1.0|1.0|1.0|1.0|1.0|1.0|1.0|1.0|1.0|1.0|1.0|1.0|1.0|1.0|1.0|1.0|1.0|1.0|1.0|1.0|1.0|1.0|1.0|1.0|1.0|1.0|1.0|1.0|1.0|1.0|1.0|1.0|1.0|1.0|1.0|1.0|1.0|1.0|1.0|1.0|1.0|1.0|1.0|1.0|1.0|1.0|1.0|1.0|1.0|1.0|1.0|1.0|1.0|1.0|1.0|1.0|1.0|1.0|1.0|1.0|1.0
2025-04-07 12:08:27.842182|1999-01-01 14:00:00|14|1.0|1.0|1.0|1.0|1.0|1.0|1.0|1.0|1.0|1.0|1.0|1.0|1.0|1.0|1.0|1.0|1.0|1.0|1.0|1.0|1.0|1.0|1.0|1.0|1.0|1.0|1.0|1.0|1.0|1.0|1.0|1.0|1.0|1.0|1.0|1.0|1.0|1.0|1.0|1.0|1.0|1.0|1.0|1.0|1.0|1.0|1.0|1.0|1.0|1.0|1.0|1.0|1.0|1.0|1.0|1.0|1.0|1.0|1.0|1.0|1.0|1.0|1.0|1.0|1.0|1.0|1.0|1.0
2025-04-07 12:08:27.842182|1999-01-01 15:00:00|15|1.0|1.0|1.0|1.0|1.0|1.0|1.0|1.0|1.0|1.0|1.0|1.0|1.0|1.0|1.0|1.0|1.0|1.0|1.0|1.0|1.0|1.0|1.0|1.0|1.0|1.0|1.0|1.0|1.0|1.0|1.0|1.0|1.0|1.0|1.0|1.0|1.0|1.0|1.0|1.0|1.0|1.0|1.0|1.0|1.0|1.0|1.0|1.0|1.0|1.0|1.0|1.0|1.0|1.0|1.0|1.0|1.0|1.0|1.0|1.0|1.0|1.0|1.0|1.0|1.0|1.0|1.0|1.0
2025-04-07 12:08:27.842182|1999-01-01 16:00:00|16|1.0|1.0|1.0|1.0|1.0|1.0|1.0|1.0|1.0|1.0|1.0|1.0|1.0|1.0|1.0|1.0|1.0|1.0|1.0|1.0|1.0|1.0|1.0|1.0|1.0|1.0|1.0|1.0|1.0|1.0|1.0|1.0|1.0|1.0|1.0|1.0|1.0|1.0|1.0|1.0|1.0|1.0|1.0|1.0|1.0|1.0|1.0|1.0|1.0|1.0|1.0|1.0|1.0|1.0|1.0|1.0|1.0|1.0|1.0|1.0|1.0|1.0|1.0|1.0|1.0|1.0|1.0|1.0
2025-04-07 12:08:27.843176|1999-01-01 17:00:00|17|1.0|1.0|1.0|1.0|1.0|1.0|1.0|1.0|1.0|1.0|1.0|1.0|1.0|1.0|1.0|1.0|1.0|1.0|1.0|1.0|1.0|1.0|1.0|1.0|1.0|1.0|1.0|1.0|1.0|1.0|1.0|1.0|1.0|1.0|1.0|1.0|1.0|1.0|1.0|1.0|1.0|1.0|1.0|1.0|1.0|1.0|1.0|1.0|1.0|1.0|1.0|1.0|1.0|1.0|1.0|1.0|1.0|1.0|1.0|1.0|1.0|1.0|1.0|1.0|1.0|1.0|1.0|1.0
2025-04-07 12:08:27.843176|1999-01-01 18:00:00|18|1.0|1.0|1.0|1.0|1.0|1.0|1.0|1.0|1.0|1.0|1.0|1.0|1.0|1.0|1.0|1.0|1.0|1.0|1.0|1.0|1.0|1.0|1.0|1.0|1.0|1.0|1.0|1.0|1.0|1.0|1.0|1.0|1.0|1.0|1.0|1.0|1.0|1.0|1.0|1.0|1.0|1.0|1.0|1.0|1.0|1.0|1.0|1.0|1.0|1.0|1.0|1.0|1.0|1.0|1.0|1.0|1.0|1.0|1.0|1.0|1.0|1.0|1.0|1.0|1.0|1.0|1.0|1.0
2025-04-07 12:08:27.843176|1999-01-01 19:00:00|19|1.0|1.0|1.0|1.0|1.0|1.0|1.0|1.0|1.0|1.0|1.0|1.0|1.0|1.0|1.0|1.0|1.0|1.0|1.0|1.0|1.0|1.0|1.0|1.0|1.0|1.0|1.0|1.0|1.0|1.0|1.0|1.0|1.0|1.0|1.0|1.0|1.0|1.0|1.0|1.0|1.0|1.0|1.0|1.0|1.0|1.0|1.0|1.0|1.0|1.0|1.0|1.0|1.0|1.0|1.0|1.0|1.0|1.0|1.0|1.0|1.0|1.0|1.0|1.0|1.0|1.0|1.0|1.0
2025-04-07 12:08:27.843176|1999-01-01 20:00:00|20|1.0|1.0|1.0|1.0|1.0|1.0|1.0|1.0|1.0|1.0|1.0|1.0|1.0|1.0|1.0|1.0|1.0|1.0|1.0|1.0|1.0|1.0|1.0|1.0|1.0|1.0|1.0|1.0|1.0|1.0|1.0|1.0|1.0|1.0|1.0|1.0|1.0|1.0|1.0|1.0|1.0|1.0|1.0|1.0|1.0|1.0|1.0|1.0|1.0|1.0|1.0|1.0|1.0|1.0|1.0|1.0|1.0|1.0|1.0|1.0|1.0|1.0|1.0|1.0|1.0|1.0|1.0|1.0
2025-04-07 12:08:27.843176|1999-01-01 21:00:00|21|1.0|1.0|1.0|1.0|1.0|1.0|1.0|1.0|1.0|1.0|1.0|1.0|1.0|1.0|1.0|1.0|1.0|1.0|1.0|1.0|1.0|1.0|1.0|1.0|1.0|1.0|1.0|1.0|1.0|1.0|1.0|1.0|1.0|1.0|1.0|1.0|1.0|1.0|1.0|1.0|1.0|1.0|1.0|1.0|1.0|1.0|1.0|1.0|1.0|1.0|1.0|1.0|1.0|1.0|1.0|1.0|1.0|1.0|1.0|1.0|1.0|1.0|1.0|1.0|1.0|1.0|1.0|1.0
2025-04-07 12:08:27.844353|1999-01-01 22:00:00|22|1.0|1.0|1.0|1.0|1.0|1.0|1.0|1.0|1.0|1.0|1.0|1.0|1.0|1.0|1.0|1.0|1.0|1.0|1.0|1.0|1.0|1.0|1.0|1.0|1.0|1.0|1.0|1.0|1.0|1.0|1.0|1.0|1.0|1.0|1.0|1.0|1.0|1.0|1.0|1.0|1.0|1.0|1.0|1.0|1.0|1.0|1.0|1.0|1.0|1.0|1.0|1.0|1.0|1.0|1.0|1.0|1.0|1.0|1.0|1.0|1.0|1.0|1.0|1.0|1.0|1.0|1.0|1.0
2025-04-07 12:08:27.844353|1999-01-01 23:00:00|23|1.0|1.0|1.0|1.0|1.0|1.0|1.0|1.0|1.0|1.0|1.0|1.0|1.0|1.0|1.0|1.0|1.0|1.0|1.0|1.0|1.0|1.0|1.0|1.0|1.0|1.0|1.0|1.0|1.0|1.0|1.0|1.0|1.0|1.0|1.0|1.0|1.0|1.0|1.0|1.0|1.0|1.0|1.0|1.0|1.0|1.0|1.0|1.0|1.0|1.0|1.0|1.0|1.0|1.0|1.0|1.0|1.0|1.0|1.0|1.0|1.0|1.0|1.0|1.0|1.0|1.0|1.0|1.0
2025-04-07 12:08:27.844353|1999-01-02 00:00:00|24|1.0|1.0|1.0|1.0|1.0|1.0|1.0|1.0|1.0|1.0|1.0|1.0|1.0|1.0|1.0|1.0|1.0|1.0|1.0|1.0|1.0|1.0|1.0|1.0|1.0|1.0|1.0|1.0|1.0|1.0|1.0|1.0|1.0|1.0|1.0|1.0|1.0|1.0|1.0|1.0|1.0|1.0|1.0|1.0|1.0|1.0|1.0|1.0|1.0|1.0|1.0|1.0|1.0|1.0|1.0|1.0|1.0|1.0|1.0|1.0|1.0|1.0|1.0|1.0|1.0|1.0|1.0|1.0
2025-04-07 12:08:27.844353|1999-01-02 01:00:00|25|1.0|1.0|1.0|1.0|1.0|1.0|1.0|1.0|1.0|1.0|1.0|1.0|1.0|1.0|1.0|1.0|1.0|1.0|1.0|1.0|1.0|1.0|1.0|1.0|1.0|1.0|1.0|1.0|1.0|1.0|1.0|1.0|1.0|1.0|1.0|1.0|1.0|1.0|1.0|1.0|1.0|1.0|1.0|1.0|1.0|1.0|1.0|1.0|1.0|1.0|1.0|1.0|1.0|1.0|1.0|1.0|1.0|1.0|1.0|1.0|1.0|1.0|1.0|1.0|1.0|1.0|1.0|1.0
2025-04-07 12:08:27.844353|1999-01-02 02:00:00|26|1.0|1.0|1.0|1.0|1.0|1.0|1.0|1.0|1.0|1.0|1.0|1.0|1.0|1.0|1.0|1.0|1.0|1.0|1.0|1.0|1.0|1.0|1.0|1.0|1.0|1.0|1.0|1.0|1.0|1.0|1.0|1.0|1.0|1.0|1.0|1.0|1.0|1.0|1.0|1.0|1.0|1.0|1.0|1.0|1.0|1.0|1.0|1.0|1.0|1.0|1.0|1.0|1.0|1.0|1.0|1.0|1.0|1.0|1.0|1.0|1.0|1.0|1.0|1.0|1.0|1.0|1.0|1.0
2025-04-07 12:08:27.844353|1999-01-02 03:00:00|27|1.0|1.0|1.0|1.0|1.0|1.0|1.0|1.0|1.0|1.0|1.0|1.0|1.0|1.0|1.0|1.0|1.0|1.0|1.0|1.0|1.0|1.0|1.0|1.0|1.0|1.0|1.0|1.0|1.0|1.0|1.0|1.0|1.0|1.0|1.0|1.0|1.0|1.0|1.0|1.0|1.0|1.0|1.0|1.0|1.0|1.0|1.0|1.0|1.0|1.0|1.0|1.0|1.0|1.0|1.0|1.0|1.0|1.0|1.0|1.0|1.0|1.0|1.0|1.0|1.0|1.0|1.0|1.0
2025-04-07 12:08:27.845352|1999-01-02 04:00:00|28|1.0|1.0|1.0|1.0|1.0|1.0|1.0|1.0|1.0|1.0|1.0|1.0|1.0|1.0|1.0|1.0|1.0|1.0|1.0|1.0|1.0|1.0|1.0|1.0|1.0|1.0|1.0|1.0|1.0|1.0|1.0|1.0|1.0|1.0|1.0|1.0|1.0|1.0|1.0|1.0|1.0|1.0|1.0|1.0|1.0|1.0|1.0|1.0|1.0|1.0|1.0|1.0|1.0|1.0|1.0|1.0|1.0|1.0|1.0|1.0|1.0|1.0|1.0|1.0|1.0|1.0|1.0|1.0
2025-04-07 12:08:27.845352|1999-01-02 05:00:00|29|1.0|1.0|1.0|1.0|1.0|1.0|1.0|1.0|1.0|1.0|1.0|1.0|1.0|1.0|1.0|1.0|1.0|1.0|1.0|1.0|1.0|1.0|1.0|1.0|1.0|1.0|1.0|1.0|1.0|1.0|1.0|1.0|1.0|1.0|1.0|1.0|1.0|1.0|1.0|1.0|1.0|1.0|1.0|1.0|1.0|1.0|1.0|1.0|1.0|1.0|1.0|1.0|1.0|1.0|1.0|1.0|1.0|1.0|1.0|1.0|1.0|1.0|1.0|1.0|1.0|1.0|1.0|1.0
2025-04-07 12:08:27.845352|1999-01-02 06:00:00|30|1.0|1.0|1.0|1.0|1.0|1.0|1.0|1.0|1.0|1.0|1.0|1.0|1.0|1.0|1.0|1.0|1.0|1.0|1.0|1.0|1.0|1.0|1.0|1.0|1.0|1.0|1.0|1.0|1.0|1.0|1.0|1.0|1.0|1.0|1.0|1.0|1.0|1.0|1.0|1.0|1.0|1.0|1.0|1.0|1.0|1.0|1.0|1.0|1.0|1.0|1.0|1.0|1.0|1.0|1.0|1.0|1.0|1.0|1.0|1.0|1.0|1.0|1.0|1.0|1.0|1.0|1.0|1.0
2025-04-07 12:08:27.845352|1999-01-02 07:00:00|31|1.0|1.0|1.0|1.0|1.0|1.0|1.0|1.0|1.0|1.0|1.0|1.0|1.0|1.0|1.0|1.0|1.0|1.0|1.0|1.0|1.0|1.0|1.0|1.0|1.0|1.0|1.0|1.0|1.0|1.0|1.0|1.0|1.0|1.0|1.0|1.0|1.0|1.0|1.0|1.0|1.0|1.0|1.0|1.0|1.0|1.0|1.0|1.0|1.0|1.0|1.0|1.0|1.0|1.0|1.0|1.0|1.0|1.0|1.0|1.0|1.0|1.0|1.0|1.0|1.0|1.0|1.0|1.0
2025-04-07 12:08:27.845352|1999-01-02 08:00:00|32|1.0|1.0|1.0|1.0|1.0|1.0|1.0|1.0|1.0|1.0|1.0|1.0|1.0|1.0|1.0|1.0|1.0|1.0|1.0|1.0|1.0|1.0|1.0|1.0|1.0|1.0|1.0|1.0|1.0|1.0|1.0|1.0|1.0|1.0|1.0|1.0|1.0|1.0|1.0|1.0|1.0|1.0|1.0|1.0|1.0|1.0|1.0|1.0|1.0|1.0|1.0|1.0|1.0|1.0|1.0|1.0|1.0|1.0|1.0|1.0|1.0|1.0|1.0|1.0|1.0|1.0|1.0|1.0
2025-04-07 12:08:27.846348|1999-01-02 09:00:00|33|1.0|1.0|1.0|1.0|1.0|1.0|1.0|1.0|1.0|1.0|1.0|1.0|1.0|1.0|1.0|1.0|1.0|1.0|1.0|1.0|1.0|1.0|1.0|1.0|1.0|1.0|1.0|1.0|1.0|1.0|1.0|1.0|1.0|1.0|1.0|1.0|1.0|1.0|1.0|1.0|1.0|1.0|1.0|1.0|1.0|1.0|1.0|1.0|1.0|1.0|1.0|1.0|1.0|1.0|1.0|1.0|1.0|1.0|1.0|1.0|1.0|1.0|1.0|1.0|1.0|1.0|1.0|1.0
2025-04-07 12:08:27.846348|1999-01-02 10:00:00|34|1.0|1.0|1.0|1.0|1.0|1.0|1.0|1.0|1.0|1.0|1.0|1.0|1.0|1.0|1.0|1.0|1.0|1.0|1.0|1.0|1.0|1.0|1.0|1.0|1.0|1.0|1.0|1.0|1.0|1.0|1.0|1.0|1.0|1.0|1.0|1.0|1.0|1.0|1.0|1.0|1.0|1.0|1.0|1.0|1.0|1.0|1.0|1.0|1.0|1.0|1.0|1.0|1.0|1.0|1.0|1.0|1.0|1.0|1.0|1.0|1.0|1.0|1.0|1.0|1.0|1.0|1.0|1.0
2025-04-07 12:08:27.846348|1999-01-02 11:00:00|35|1.0|1.0|1.0|1.0|1.0|1.0|1.0|1.0|1.0|1.0|1.0|1.0|1.0|1.0|1.0|1.0|1.0|1.0|1.0|1.0|1.0|1.0|1.0|1.0|1.0|1.0|1.0|1.0|1.0|1.0|1.0|1.0|1.0|1.0|1.0|1.0|1.0|1.0|1.0|1.0|1.0|1.0|1.0|1.0|1.0|1.0|1.0|1.0|1.0|1.0|1.0|1.0|1.0|1.0|1.0|1.0|1.0|1.0|1.0|1.0|1.0|1.0|1.0|1.0|1.0|1.0|1.0|1.0
2025-04-07 12:08:27.846348|1999-01-02 12:00:00|36|1.0|1.0|1.0|1.0|1.0|1.0|1.0|1.0|1.0|1.0|1.0|1.0|1.0|1.0|1.0|1.0|1.0|1.0|1.0|1.0|1.0|1.0|1.0|1.0|1.0|1.0|1.0|1.0|1.0|1.0|1.0|1.0|1.0|1.0|1.0|1.0|1.0|1.0|1.0|1.0|1.0|1.0|1.0|1.0|1.0|1.0|1.0|1.0|1.0|1.0|1.0|1.0|1.0|1.0|1.0|1.0|1.0|1.0|1.0|1.0|1.0|1.0|1.0|1.0|1.0|1.0|1.0|1.0
2025-04-07 12:08:27.846348|1999-01-02 13:00:00|37|1.0|1.0|1.0|1.0|1.0|1.0|1.0|1.0|1.0|1.0|1.0|1.0|1.0|1.0|1.0|1.0|1.0|1.0|1.0|1.0|1.0|1.0|1.0|1.0|1.0|1.0|1.0|1.0|1.0|1.0|1.0|1.0|1.0|1.0|1.0|1.0|1.0|1.0|1.0|1.0|1.0|1.0|1.0|1.0|1.0|1.0|1.0|1.0|1.0|1.0|1.0|1.0|1.0|1.0|1.0|1.0|1.0|1.0|1.0|1.0|1.0|1.0|1.0|1.0|1.0|1.0|1.0|1.0
2025-04-07 12:08:27.846348|1999-01-02 14:00:00|38|1.0|1.0|1.0|1.0|1.0|1.0|1.0|1.0|1.0|1.0|1.0|1.0|1.0|1.0|1.0|1.0|1.0|1.0|1.0|1.0|1.0|1.0|1.0|1.0|1.0|1.0|1.0|1.0|1.0|1.0|1.0|1.0|1.0|1.0|1.0|1.0|1.0|1.0|1.0|1.0|1.0|1.0|1.0|1.0|1.0|1.0|1.0|1.0|1.0|1.0|1.0|1.0|1.0|1.0|1.0|1.0|1.0|1.0|1.0|1.0|1.0|1.0|1.0|1.0|1.0|1.0|1.0|1.0
2025-04-07 12:08:27.847344|1999-01-02 15:00:00|39|1.0|1.0|1.0|1.0|1.0|1.0|1.0|1.0|1.0|1.0|1.0|1.0|1.0|1.0|1.0|1.0|1.0|1.0|1.0|1.0|1.0|1.0|1.0|1.0|1.0|1.0|1.0|1.0|1.0|1.0|1.0|1.0|1.0|1.0|1.0|1.0|1.0|1.0|1.0|1.0|1.0|1.0|1.0|1.0|1.0|1.0|1.0|1.0|1.0|1.0|1.0|1.0|1.0|1.0|1.0|1.0|1.0|1.0|1.0|1.0|1.0|1.0|1.0|1.0|1.0|1.0|1.0|1.0
2025-04-07 12:08:27.847344|1999-01-02 16:00:00|40|1.0|1.0|1.0|1.0|1.0|1.0|1.0|1.0|1.0|1.0|1.0|1.0|1.0|1.0|1.0|1.0|1.0|1.0|1.0|1.0|1.0|1.0|1.0|1.0|1.0|1.0|1.0|1.0|1.0|1.0|1.0|1.0|1.0|1.0|1.0|1.0|1.0|1.0|1.0|1.0|1.0|1.0|1.0|1.0|1.0|1.0|1.0|1.0|1.0|1.0|1.0|1.0|1.0|1.0|1.0|1.0|1.0|1.0|1.0|1.0|1.0|1.0|1.0|1.0|1.0|1.0|1.0|1.0
2025-04-07 12:08:27.847344|1999-01-02 17:00:00|41|1.0|1.0|1.0|1.0|1.0|1.0|1.0|1.0|1.0|1.0|1.0|1.0|1.0|1.0|1.0|1.0|1.0|1.0|1.0|1.0|1.0|1.0|1.0|1.0|1.0|1.0|1.0|1.0|1.0|1.0|1.0|1.0|1.0|1.0|1.0|1.0|1.0|1.0|1.0|1.0|1.0|1.0|1.0|1.0|1.0|1.0|1.0|1.0|1.0|1.0|1.0|1.0|1.0|1.0|1.0|1.0|1.0|1.0|1.0|1.0|1.0|1.0|1.0|1.0|1.0|1.0|1.0|1.0
2025-04-07 12:08:27.847344|1999-01-02 18:00:00|42|1.0|1.0|1.0|1.0|1.0|1.0|1.0|1.0|1.0|1.0|1.0|1.0|1.0|1.0|1.0|1.0|1.0|1.0|1.0|1.0|1.0|1.0|1.0|1.0|1.0|1.0|1.0|1.0|1.0|1.0|1.0|1.0|1.0|1.0|1.0|1.0|1.0|1.0|1.0|1.0|1.0|1.0|1.0|1.0|1.0|1.0|1.0|1.0|1.0|1.0|1.0|1.0|1.0|1.0|1.0|1.0|1.0|1.0|1.0|1.0|1.0|1.0|1.0|1.0|1.0|1.0|1.0|1.0
2025-04-07 12:08:27.847344|1999-01-02 19:00:00|43|1.0|1.0|1.0|1.0|1.0|1.0|1.0|1.0|1.0|1.0|1.0|1.0|1.0|1.0|1.0|1.0|1.0|1.0|1.0|1.0|1.0|1.0|1.0|1.0|1.0|1.0|1.0|1.0|1.0|1.0|1.0|1.0|1.0|1.0|1.0|1.0|1.0|1.0|1.0|1.0|1.0|1.0|1.0|1.0|1.0|1.0|1.0|1.0|1.0|1.0|1.0|1.0|1.0|1.0|1.0|1.0|1.0|1.0|1.0|1.0|1.0|1.0|1.0|1.0|1.0|1.0|1.0|1.0
2025-04-07 12:08:27.847344|1999-01-02 20:00:00|44|1.0|1.0|1.0|1.0|1.0|1.0|1.0|1.0|1.0|1.0|1.0|1.0|1.0|1.0|1.0|1.0|1.0|1.0|1.0|1.0|1.0|1.0|1.0|1.0|1.0|1.0|1.0|1.0|1.0|1.0|1.0|1.0|1.0|1.0|1.0|1.0|1.0|1.0|1.0|1.0|1.0|1.0|1.0|1.0|1.0|1.0|1.0|1.0|1.0|1.0|1.0|1.0|1.0|1.0|1.0|1.0|1.0|1.0|1.0|1.0|1.0|1.0|1.0|1.0|1.0|1.0|1.0|1.0
2025-04-07 12:08:27.848341|1999-01-02 21:00:00|45|1.0|1.0|1.0|1.0|1.0|1.0|1.0|1.0|1.0|1.0|1.0|1.0|1.0|1.0|1.0|1.0|1.0|1.0|1.0|1.0|1.0|1.0|1.0|1.0|1.0|1.0|1.0|1.0|1.0|1.0|1.0|1.0|1.0|1.0|1.0|1.0|1.0|1.0|1.0|1.0|1.0|1.0|1.0|1.0|1.0|1.0|1.0|1.0|1.0|1.0|1.0|1.0|1.0|1.0|1.0|1.0|1.0|1.0|1.0|1.0|1.0|1.0|1.0|1.0|1.0|1.0|1.0|1.0
2025-04-07 12:08:27.848341|1999-01-02 22:00:00|46|1.0|1.0|1.0|1.0|1.0|1.0|1.0|1.0|1.0|1.0|1.0|1.0|1.0|1.0|1.0|1.0|1.0|1.0|1.0|1.0|1.0|1.0|1.0|1.0|1.0|1.0|1.0|1.0|1.0|1.0|1.0|1.0|1.0|1.0|1.0|1.0|1.0|1.0|1.0|1.0|1.0|1.0|1.0|1.0|1.0|1.0|1.0|1.0|1.0|1.0|1.0|1.0|1.0|1.0|1.0|1.0|1.0|1.0|1.0|1.0|1.0|1.0|1.0|1.0|1.0|1.0|1.0|1.0
2025-04-07 12:08:27.848341|1999-01-02 23:00:00|47|1.0|1.0|1.0|1.0|1.0|1.0|1.0|1.0|1.0|1.0|1.0|1.0|1.0|1.0|1.0|1.0|1.0|1.0|1.0|1.0|1.0|1.0|1.0|1.0|1.0|1.0|1.0|1.0|1.0|1.0|1.0|1.0|1.0|1.0|1.0|1.0|1.0|1.0|1.0|1.0|1.0|1.0|1.0|1.0|1.0|1.0|1.0|1.0|1.0|1.0|1.0|1.0|1.0|1.0|1.0|1.0|1.0|1.0|1.0|1.0|1.0|1.0|1.0|1.0|1.0|1.0|1.0|1.0
2025-04-07 12:08:27.848341|1999-01-03 00:00:00|48|1.0|1.0|1.0|1.0|1.0|1.0|1.0|1.0|1.0|1.0|1.0|1.0|1.0|1.0|1.0|1.0|1.0|1.0|1.0|1.0|1.0|1.0|1.0|1.0|1.0|1.0|1.0|1.0|1.0|1.0|1.0|1.0|1.0|1.0|1.0|1.0|1.0|1.0|1.0|1.0|1.0|1.0|1.0|1.0|1.0|1.0|1.0|1.0|1.0|1.0|1.0|1.0|1.0|1.0|1.0|1.0|1.0|1.0|1.0|1.0|1.0|1.0|1.0|1.0|1.0|1.0|1.0|1.0
2025-04-07 12:08:27.848341|1999-01-03 01:00:00|49|1.0|1.0|1.0|1.0|1.0|1.0|1.0|1.0|1.0|1.0|1.0|1.0|1.0|1.0|1.0|1.0|1.0|1.0|1.0|1.0|1.0|1.0|1.0|1.0|1.0|1.0|1.0|1.0|1.0|1.0|1.0|1.0|1.0|1.0|1.0|1.0|1.0|1.0|1.0|1.0|1.0|1.0|1.0|1.0|1.0|1.0|1.0|1.0|1.0|1.0|1.0|1.0|1.0|1.0|1.0|1.0|1.0|1.0|1.0|1.0|1.0|1.0|1.0|1.0|1.0|1.0|1.0|1.0
2025-04-07 12:08:27.848341|1999-01-03 02:00:00|50|1.0|1.0|1.0|1.0|1.0|1.0|1.0|1.0|1.0|1.0|1.0|1.0|1.0|1.0|1.0|1.0|1.0|1.0|1.0|1.0|1.0|1.0|1.0|1.0|1.0|1.0|1.0|1.0|1.0|1.0|1.0|1.0|1.0|1.0|1.0|1.0|1.0|1.0|1.0|1.0|1.0|1.0|1.0|1.0|1.0|1.0|1.0|1.0|1.0|1.0|1.0|1.0|1.0|1.0|1.0|1.0|1.0|1.0|1.0|1.0|1.0|1.0|1.0|1.0|1.0|1.0|1.0|1.0
2025-04-07 12:08:27.849337|1999-01-03 03:00:00|51|1.0|1.0|1.0|1.0|1.0|1.0|1.0|1.0|1.0|1.0|1.0|1.0|1.0|1.0|1.0|1.0|1.0|1.0|1.0|1.0|1.0|1.0|1.0|1.0|1.0|1.0|1.0|1.0|1.0|1.0|1.0|1.0|1.0|1.0|1.0|1.0|1.0|1.0|1.0|1.0|1.0|1.0|1.0|1.0|1.0|1.0|1.0|1.0|1.0|1.0|1.0|1.0|1.0|1.0|1.0|1.0|1.0|1.0|1.0|1.0|1.0|1.0|1.0|1.0|1.0|1.0|1.0|1.0
2025-04-07 12:08:27.849337|1999-01-03 04:00:00|52|1.0|1.0|1.0|1.0|1.0|1.0|1.0|1.0|1.0|1.0|1.0|1.0|1.0|1.0|1.0|1.0|1.0|1.0|1.0|1.0|1.0|1.0|1.0|1.0|1.0|1.0|1.0|1.0|1.0|1.0|1.0|1.0|1.0|1.0|1.0|1.0|1.0|1.0|1.0|1.0|1.0|1.0|1.0|1.0|1.0|1.0|1.0|1.0|1.0|1.0|1.0|1.0|1.0|1.0|1.0|1.0|1.0|1.0|1.0|1.0|1.0|1.0|1.0|1.0|1.0|1.0|1.0|1.0
2025-04-07 12:08:27.849337|1999-01-03 05:00:00|53|1.0|1.0|1.0|1.0|1.0|1.0|1.0|1.0|1.0|1.0|1.0|1.0|1.0|1.0|1.0|1.0|1.0|1.0|1.0|1.0|1.0|1.0|1.0|1.0|1.0|1.0|1.0|1.0|1.0|1.0|1.0|1.0|1.0|1.0|1.0|1.0|1.0|1.0|1.0|1.0|1.0|1.0|1.0|1.0|1.0|1.0|1.0|1.0|1.0|1.0|1.0|1.0|1.0|1.0|1.0|1.0|1.0|1.0|1.0|1.0|1.0|1.0|1.0|1.0|1.0|1.0|1.0|1.0
2025-04-07 12:08:27.849337|1999-01-03 06:00:00|54|1.0|1.0|1.0|1.0|1.0|1.0|1.0|1.0|1.0|1.0|1.0|1.0|1.0|1.0|1.0|1.0|1.0|1.0|1.0|1.0|1.0|1.0|1.0|1.0|1.0|1.0|1.0|1.0|1.0|1.0|1.0|1.0|1.0|1.0|1.0|1.0|1.0|1.0|1.0|1.0|1.0|1.0|1.0|1.0|1.0|1.0|1.0|1.0|1.0|1.0|1.0|1.0|1.0|1.0|1.0|1.0|1.0|1.0|1.0|1.0|1.0|1.0|1.0|1.0|1.0|1.0|1.0|1.0
2025-04-07 12:08:27.849337|1999-01-03 07:00:00|55|1.0|1.0|1.0|1.0|1.0|1.0|1.0|1.0|1.0|1.0|1.0|1.0|1.0|1.0|1.0|1.0|1.0|1.0|1.0|1.0|1.0|1.0|1.0|1.0|1.0|1.0|1.0|1.0|1.0|1.0|1.0|1.0|1.0|1.0|1.0|1.0|1.0|1.0|1.0|1.0|1.0|1.0|1.0|1.0|1.0|1.0|1.0|1.0|1.0|1.0|1.0|1.0|1.0|1.0|1.0|1.0|1.0|1.0|1.0|1.0|1.0|1.0|1.0|1.0|1.0|1.0|1.0|1.0
2025-04-07 12:08:27.849337|1999-01-03 08:00:00|56|1.0|1.0|1.0|1.0|1.0|1.0|1.0|1.0|1.0|1.0|1.0|1.0|1.0|1.0|1.0|1.0|1.0|1.0|1.0|1.0|1.0|1.0|1.0|1.0|1.0|1.0|1.0|1.0|1.0|1.0|1.0|1.0|1.0|1.0|1.0|1.0|1.0|1.0|1.0|1.0|1.0|1.0|1.0|1.0|1.0|1.0|1.0|1.0|1.0|1.0|1.0|1.0|1.0|1.0|1.0|1.0|1.0|1.0|1.0|1.0|1.0|1.0|1.0|1.0|1.0|1.0|1.0|1.0
2025-04-07 12:08:27.850334|1999-01-03 09:00:00|57|1.0|1.0|1.0|1.0|1.0|1.0|1.0|1.0|1.0|1.0|1.0|1.0|1.0|1.0|1.0|1.0|1.0|1.0|1.0|1.0|1.0|1.0|1.0|1.0|1.0|1.0|1.0|1.0|1.0|1.0|1.0|1.0|1.0|1.0|1.0|1.0|1.0|1.0|1.0|1.0|1.0|1.0|1.0|1.0|1.0|1.0|1.0|1.0|1.0|1.0|1.0|1.0|1.0|1.0|1.0|1.0|1.0|1.0|1.0|1.0|1.0|1.0|1.0|1.0|1.0|1.0|1.0|1.0
2025-04-07 12:08:27.850334|1999-01-03 10:00:00|58|1.0|1.0|1.0|1.0|1.0|1.0|1.0|1.0|1.0|1.0|1.0|1.0|1.0|1.0|1.0|1.0|1.0|1.0|1.0|1.0|1.0|1.0|1.0|1.0|1.0|1.0|1.0|1.0|1.0|1.0|1.0|1.0|1.0|1.0|1.0|1.0|1.0|1.0|1.0|1.0|1.0|1.0|1.0|1.0|1.0|1.0|1.0|1.0|1.0|1.0|1.0|1.0|1.0|1.0|1.0|1.0|1.0|1.0|1.0|1.0|1.0|1.0|1.0|1.0|1.0|1.0|1.0|1.0
2025-04-07 12:08:27.850334|1999-01-03 11:00:00|59|1.0|1.0|1.0|1.0|1.0|1.0|1.0|1.0|1.0|1.0|1.0|1.0|1.0|1.0|1.0|1.0|1.0|1.0|1.0|1.0|1.0|1.0|1.0|1.0|1.0|1.0|1.0|1.0|1.0|1.0|1.0|1.0|1.0|1.0|1.0|1.0|1.0|1.0|1.0|1.0|1.0|1.0|1.0|1.0|1.0|1.0|1.0|1.0|1.0|1.0|1.0|1.0|1.0|1.0|1.0|1.0|1.0|1.0|1.0|1.0|1.0|1.0|1.0|1.0|1.0|1.0|1.0|1.0
2025-04-07 12:08:27.850334|1999-01-03 12:00:00|60|1.0|1.0|1.0|1.0|1.0|1.0|1.0|1.0|1.0|1.0|1.0|1.0|1.0|1.0|1.0|1.0|1.0|1.0|1.0|1.0|1.0|1.0|1.0|1.0|1.0|1.0|1.0|1.0|1.0|1.0|1.0|1.0|1.0|1.0|1.0|1.0|1.0|1.0|1.0|1.0|1.0|1.0|1.0|1.0|1.0|1.0|1.0|1.0|1.0|1.0|1.0|1.0|1.0|1.0|1.0|1.0|1.0|1.0|1.0|1.0|1.0|1.0|1.0|1.0|1.0|1.0|1.0|1.0
2025-04-07 12:08:27.851331|1999-01-03 13:00:00|61|1.0|1.0|1.0|1.0|1.0|1.0|1.0|1.0|1.0|1.0|1.0|1.0|1.0|1.0|1.0|1.0|1.0|1.0|1.0|1.0|1.0|1.0|1.0|1.0|1.0|1.0|1.0|1.0|1.0|1.0|1.0|1.0|1.0|1.0|1.0|1.0|1.0|1.0|1.0|1.0|1.0|1.0|1.0|1.0|1.0|1.0|1.0|1.0|1.0|1.0|1.0|1.0|1.0|1.0|1.0|1.0|1.0|1.0|1.0|1.0|1.0|1.0|1.0|1.0|1.0|1.0|1.0|1.0
2025-04-07 12:08:27.851331|1999-01-03 14:00:00|62|1.0|1.0|1.0|1.0|1.0|1.0|1.0|1.0|1.0|1.0|1.0|1.0|1.0|1.0|1.0|1.0|1.0|1.0|1.0|1.0|1.0|1.0|1.0|1.0|1.0|1.0|1.0|1.0|1.0|1.0|1.0|1.0|1.0|1.0|1.0|1.0|1.0|1.0|1.0|1.0|1.0|1.0|1.0|1.0|1.0|1.0|1.0|1.0|1.0|1.0|1.0|1.0|1.0|1.0|1.0|1.0|1.0|1.0|1.0|1.0|1.0|1.0|1.0|1.0|1.0|1.0|1.0|1.0
2025-04-07 12:08:27.851331|1999-01-03 15:00:00|63|1.0|1.0|1.0|1.0|1.0|1.0|1.0|1.0|1.0|1.0|1.0|1.0|1.0|1.0|1.0|1.0|1.0|1.0|1.0|1.0|1.0|1.0|1.0|1.0|1.0|1.0|1.0|1.0|1.0|1.0|1.0|1.0|1.0|1.0|1.0|1.0|1.0|1.0|1.0|1.0|1.0|1.0|1.0|1.0|1.0|1.0|1.0|1.0|1.0|1.0|1.0|1.0|1.0|1.0|1.0|1.0|1.0|1.0|1.0|1.0|1.0|1.0|1.0|1.0|1.0|1.0|1.0|1.0
2025-04-07 12:08:27.851331|1999-01-03 16:00:00|64|1.0|1.0|1.0|1.0|1.0|1.0|1.0|1.0|1.0|1.0|1.0|1.0|1.0|1.0|1.0|1.0|1.0|1.0|1.0|1.0|1.0|1.0|1.0|1.0|1.0|1.0|1.0|1.0|1.0|1.0|1.0|1.0|1.0|1.0|1.0|1.0|1.0|1.0|1.0|1.0|1.0|1.0|1.0|1.0|1.0|1.0|1.0|1.0|1.0|1.0|1.0|1.0|1.0|1.0|1.0|1.0|1.0|1.0|1.0|1.0|1.0|1.0|1.0|1.0|1.0|1.0|1.0|1.0
2025-04-07 12:08:27.851331|1999-01-03 17:00:00|65|1.0|1.0|1.0|1.0|1.0|1.0|1.0|1.0|1.0|1.0|1.0|1.0|1.0|1.0|1.0|1.0|1.0|1.0|1.0|1.0|1.0|1.0|1.0|1.0|1.0|1.0|1.0|1.0|1.0|1.0|1.0|1.0|1.0|1.0|1.0|1.0|1.0|1.0|1.0|1.0|1.0|1.0|1.0|1.0|1.0|1.0|1.0|1.0|1.0|1.0|1.0|1.0|1.0|1.0|1.0|1.0|1.0|1.0|1.0|1.0|1.0|1.0|1.0|1.0|1.0|1.0|1.0|1.0
2025-04-07 12:08:27.852328|1999-01-03 18:00:00|66|1.0|1.0|1.0|1.0|1.0|1.0|1.0|1.0|1.0|1.0|1.0|1.0|1.0|1.0|1.0|1.0|1.0|1.0|1.0|1.0|1.0|1.0|1.0|1.0|1.0|1.0|1.0|1.0|1.0|1.0|1.0|1.0|1.0|1.0|1.0|1.0|1.0|1.0|1.0|1.0|1.0|1.0|1.0|1.0|1.0|1.0|1.0|1.0|1.0|1.0|1.0|1.0|1.0|1.0|1.0|1.0|1.0|1.0|1.0|1.0|1.0|1.0|1.0|1.0|1.0|1.0|1.0|1.0
2025-04-07 12:08:27.852328|1999-01-03 19:00:00|67|1.0|1.0|1.0|1.0|1.0|1.0|1.0|1.0|1.0|1.0|1.0|1.0|1.0|1.0|1.0|1.0|1.0|1.0|1.0|1.0|1.0|1.0|1.0|1.0|1.0|1.0|1.0|1.0|1.0|1.0|1.0|1.0|1.0|1.0|1.0|1.0|1.0|1.0|1.0|1.0|1.0|1.0|1.0|1.0|1.0|1.0|1.0|1.0|1.0|1.0|1.0|1.0|1.0|1.0|1.0|1.0|1.0|1.0|1.0|1.0|1.0|1.0|1.0|1.0|1.0|1.0|1.0|1.0
2025-04-07 12:08:27.852328|1999-01-03 20:00:00|68|1.0|1.0|1.0|1.0|1.0|1.0|1.0|1.0|1.0|1.0|1.0|1.0|1.0|1.0|1.0|1.0|1.0|1.0|1.0|1.0|1.0|1.0|1.0|1.0|1.0|1.0|1.0|1.0|1.0|1.0|1.0|1.0|1.0|1.0|1.0|1.0|1.0|1.0|1.0|1.0|1.0|1.0|1.0|1.0|1.0|1.0|1.0|1.0|1.0|1.0|1.0|1.0|1.0|1.0|1.0|1.0|1.0|1.0|1.0|1.0|1.0|1.0|1.0|1.0|1.0|1.0|1.0|1.0
2025-04-07 12:08:27.852328|1999-01-03 21:00:00|69|1.0|1.0|1.0|1.0|1.0|1.0|1.0|1.0|1.0|1.0|1.0|1.0|1.0|1.0|1.0|1.0|1.0|1.0|1.0|1.0|1.0|1.0|1.0|1.0|1.0|1.0|1.0|1.0|1.0|1.0|1.0|1.0|1.0|1.0|1.0|1.0|1.0|1.0|1.0|1.0|1.0|1.0|1.0|1.0|1.0|1.0|1.0|1.0|1.0|1.0|1.0|1.0|1.0|1.0|1.0|1.0|1.0|1.0|1.0|1.0|1.0|1.0|1.0|1.0|1.0|1.0|1.0|1.0
2025-04-07 12:08:27.852328|1999-01-03 22:00:00|70|1.0|1.0|1.0|1.0|1.0|1.0|1.0|1.0|1.0|1.0|1.0|1.0|1.0|1.0|1.0|1.0|1.0|1.0|1.0|1.0|1.0|1.0|1.0|1.0|1.0|1.0|1.0|1.0|1.0|1.0|1.0|1.0|1.0|1.0|1.0|1.0|1.0|1.0|1.0|1.0|1.0|1.0|1.0|1.0|1.0|1.0|1.0|1.0|1.0|1.0|1.0|1.0|1.0|1.0|1.0|1.0|1.0|1.0|1.0|1.0|1.0|1.0|1.0|1.0|1.0|1.0|1.0|1.0
2025-04-07 12:08:27.852328|1999-01-03 23:00:00|71|1.0|1.0|1.0|1.0|1.0|1.0|1.0|1.0|1.0|1.0|1.0|1.0|1.0|1.0|1.0|1.0|1.0|1.0|1.0|1.0|1.0|1.0|1.0|1.0|1.0|1.0|1.0|1.0|1.0|1.0|1.0|1.0|1.0|1.0|1.0|1.0|1.0|1.0|1.0|1.0|1.0|1.0|1.0|1.0|1.0|1.0|1.0|1.0|1.0|1.0|1.0|1.0|1.0|1.0|1.0|1.0|1.0|1.0|1.0|1.0|1.0|1.0|1.0|1.0|1.0|1.0|1.0|1.0
2025-04-07 12:08:27.853324|1999-01-04 00:00:00|72|1.0|1.0|1.0|1.0|1.0|1.0|1.0|1.0|1.0|1.0|1.0|1.0|1.0|1.0|1.0|1.0|1.0|1.0|1.0|1.0|1.0|1.0|1.0|1.0|1.0|1.0|1.0|1.0|1.0|1.0|1.0|1.0|1.0|1.0|1.0|1.0|1.0|1.0|1.0|1.0|1.0|1.0|1.0|1.0|1.0|1.0|1.0|1.0|1.0|1.0|1.0|1.0|1.0|1.0|1.0|1.0|1.0|1.0|1.0|1.0|1.0|1.0|1.0|1.0|1.0|1.0|1.0|1.0
2025-04-07 12:08:27.853324|1999-01-04 01:00:00|73|1.0|1.0|1.0|1.0|1.0|1.0|1.0|1.0|1.0|1.0|1.0|1.0|1.0|1.0|1.0|1.0|1.0|1.0|1.0|1.0|1.0|1.0|1.0|1.0|1.0|1.0|1.0|1.0|1.0|1.0|1.0|1.0|1.0|1.0|1.0|1.0|1.0|1.0|1.0|1.0|1.0|1.0|1.0|1.0|1.0|1.0|1.0|1.0|1.0|1.0|1.0|1.0|1.0|1.0|1.0|1.0|1.0|1.0|1.0|1.0|1.0|1.0|1.0|1.0|1.0|1.0|1.0|1.0
2025-04-07 12:08:27.853324|1999-01-04 02:00:00|74|1.0|1.0|1.0|1.0|1.0|1.0|1.0|1.0|1.0|1.0|1.0|1.0|1.0|1.0|1.0|1.0|1.0|1.0|1.0|1.0|1.0|1.0|1.0|1.0|1.0|1.0|1.0|1.0|1.0|1.0|1.0|1.0|1.0|1.0|1.0|1.0|1.0|1.0|1.0|1.0|1.0|1.0|1.0|1.0|1.0|1.0|1.0|1.0|1.0|1.0|1.0|1.0|1.0|1.0|1.0|1.0|1.0|1.0|1.0|1.0|1.0|1.0|1.0|1.0|1.0|1.0|1.0|1.0
2025-04-07 12:08:27.853324|1999-01-04 03:00:00|75|1.0|1.0|1.0|1.0|1.0|1.0|1.0|1.0|1.0|1.0|1.0|1.0|1.0|1.0|1.0|1.0|1.0|1.0|1.0|1.0|1.0|1.0|1.0|1.0|1.0|1.0|1.0|1.0|1.0|1.0|1.0|1.0|1.0|1.0|1.0|1.0|1.0|1.0|1.0|1.0|1.0|1.0|1.0|1.0|1.0|1.0|1.0|1.0|1.0|1.0|1.0|1.0|1.0|1.0|1.0|1.0|1.0|1.0|1.0|1.0|1.0|1.0|1.0|1.0|1.0|1.0|1.0|1.0
2025-04-07 12:08:27.853324|1999-01-04 04:00:00|76|1.0|1.0|1.0|1.0|1.0|1.0|1.0|1.0|1.0|1.0|1.0|1.0|1.0|1.0|1.0|1.0|1.0|1.0|1.0|1.0|1.0|1.0|1.0|1.0|1.0|1.0|1.0|1.0|1.0|1.0|1.0|1.0|1.0|1.0|1.0|1.0|1.0|1.0|1.0|1.0|1.0|1.0|1.0|1.0|1.0|1.0|1.0|1.0|1.0|1.0|1.0|1.0|1.0|1.0|1.0|1.0|1.0|1.0|1.0|1.0|1.0|1.0|1.0|1.0|1.0|1.0|1.0|1.0
2025-04-07 12:08:27.853324|1999-01-04 05:00:00|77|1.0|1.0|1.0|1.0|1.0|1.0|1.0|1.0|1.0|1.0|1.0|1.0|1.0|1.0|1.0|1.0|1.0|1.0|1.0|1.0|1.0|1.0|1.0|1.0|1.0|1.0|1.0|1.0|1.0|1.0|1.0|1.0|1.0|1.0|1.0|1.0|1.0|1.0|1.0|1.0|1.0|1.0|1.0|1.0|1.0|1.0|1.0|1.0|1.0|1.0|1.0|1.0|1.0|1.0|1.0|1.0|1.0|1.0|1.0|1.0|1.0|1.0|1.0|1.0|1.0|1.0|1.0|1.0
2025-04-07 12:08:27.854322|1999-01-04 06:00:00|78|1.0|1.0|1.0|1.0|1.0|1.0|1.0|1.0|1.0|1.0|1.0|1.0|1.0|1.0|1.0|1.0|1.0|1.0|1.0|1.0|1.0|1.0|1.0|1.0|1.0|1.0|1.0|1.0|1.0|1.0|1.0|1.0|1.0|1.0|1.0|1.0|1.0|1.0|1.0|1.0|1.0|1.0|1.0|1.0|1.0|1.0|1.0|1.0|1.0|1.0|1.0|1.0|1.0|1.0|1.0|1.0|1.0|1.0|1.0|1.0|1.0|1.0|1.0|1.0|1.0|1.0|1.0|1.0
2025-04-07 12:08:27.854322|1999-01-04 07:00:00|79|1.0|1.0|1.0|1.0|1.0|1.0|1.0|1.0|1.0|1.0|1.0|1.0|1.0|1.0|1.0|1.0|1.0|1.0|1.0|1.0|1.0|1.0|1.0|1.0|1.0|1.0|1.0|1.0|1.0|1.0|1.0|1.0|1.0|1.0|1.0|1.0|1.0|1.0|1.0|1.0|1.0|1.0|1.0|1.0|1.0|1.0|1.0|1.0|1.0|1.0|1.0|1.0|1.0|1.0|1.0|1.0|1.0|1.0|1.0|1.0|1.0|1.0|1.0|1.0|1.0|1.0|1.0|1.0
2025-04-07 12:08:27.854322|1999-01-04 08:00:00|80|1.0|1.0|1.0|1.0|1.0|1.0|1.0|1.0|1.0|1.0|1.0|1.0|1.0|1.0|1.0|1.0|1.0|1.0|1.0|1.0|1.0|1.0|1.0|1.0|1.0|1.0|1.0|1.0|1.0|1.0|1.0|1.0|1.0|1.0|1.0|1.0|1.0|1.0|1.0|1.0|1.0|1.0|1.0|1.0|1.0|1.0|1.0|1.0|1.0|1.0|1.0|1.0|1.0|1.0|1.0|1.0|1.0|1.0|1.0|1.0|1.0|1.0|1.0|1.0|1.0|1.0|1.0|1.0
2025-04-07 12:08:27.854322|1999-01-04 09:00:00|81|1.0|1.0|1.0|1.0|1.0|1.0|1.0|1.0|1.0|1.0|1.0|1.0|1.0|1.0|1.0|1.0|1.0|1.0|1.0|1.0|1.0|1.0|1.0|1.0|1.0|1.0|1.0|1.0|1.0|1.0|1.0|1.0|1.0|1.0|1.0|1.0|1.0|1.0|1.0|1.0|1.0|1.0|1.0|1.0|1.0|1.0|1.0|1.0|1.0|1.0|1.0|1.0|1.0|1.0|1.0|1.0|1.0|1.0|1.0|1.0|1.0|1.0|1.0|1.0|1.0|1.0|1.0|1.0
2025-04-07 12:08:27.855319|1999-01-04 10:00:00|82|1.0|1.0|1.0|1.0|1.0|1.0|1.0|1.0|1.0|1.0|1.0|1.0|1.0|1.0|1.0|1.0|1.0|1.0|1.0|1.0|1.0|1.0|1.0|1.0|1.0|1.0|1.0|1.0|1.0|1.0|1.0|1.0|1.0|1.0|1.0|1.0|1.0|1.0|1.0|1.0|1.0|1.0|1.0|1.0|1.0|1.0|1.0|1.0|1.0|1.0|1.0|1.0|1.0|1.0|1.0|1.0|1.0|1.0|1.0|1.0|1.0|1.0|1.0|1.0|1.0|1.0|1.0|1.0
2025-04-07 12:08:27.855319|1999-01-04 11:00:00|83|1.0|1.0|1.0|1.0|1.0|1.0|1.0|1.0|1.0|1.0|1.0|1.0|1.0|1.0|1.0|1.0|1.0|1.0|1.0|1.0|1.0|1.0|1.0|1.0|1.0|1.0|1.0|1.0|1.0|1.0|1.0|1.0|1.0|1.0|1.0|1.0|1.0|1.0|1.0|1.0|1.0|1.0|1.0|1.0|1.0|1.0|1.0|1.0|1.0|1.0|1.0|1.0|1.0|1.0|1.0|1.0|1.0|1.0|1.0|1.0|1.0|1.0|1.0|1.0|1.0|1.0|1.0|1.0
2025-04-07 12:08:27.855319|1999-01-04 12:00:00|84|1.0|1.0|1.0|1.0|1.0|1.0|1.0|1.0|1.0|1.0|1.0|1.0|1.0|1.0|1.0|1.0|1.0|1.0|1.0|1.0|1.0|1.0|1.0|1.0|1.0|1.0|1.0|1.0|1.0|1.0|1.0|1.0|1.0|1.0|1.0|1.0|1.0|1.0|1.0|1.0|1.0|1.0|1.0|1.0|1.0|1.0|1.0|1.0|1.0|1.0|1.0|1.0|1.0|1.0|1.0|1.0|1.0|1.0|1.0|1.0|1.0|1.0|1.0|1.0|1.0|1.0|1.0|1.0
2025-04-07 12:08:27.855319|1999-01-04 13:00:00|85|1.0|1.0|1.0|1.0|1.0|1.0|1.0|1.0|1.0|1.0|1.0|1.0|1.0|1.0|1.0|1.0|1.0|1.0|1.0|1.0|1.0|1.0|1.0|1.0|1.0|1.0|1.0|1.0|1.0|1.0|1.0|1.0|1.0|1.0|1.0|1.0|1.0|1.0|1.0|1.0|1.0|1.0|1.0|1.0|1.0|1.0|1.0|1.0|1.0|1.0|1.0|1.0|1.0|1.0|1.0|1.0|1.0|1.0|1.0|1.0|1.0|1.0|1.0|1.0|1.0|1.0|1.0|1.0
2025-04-07 12:08:27.855319|1999-01-04 14:00:00|86|1.0|1.0|1.0|1.0|1.0|1.0|1.0|1.0|1.0|1.0|1.0|1.0|1.0|1.0|1.0|1.0|1.0|1.0|1.0|1.0|1.0|1.0|1.0|1.0|1.0|1.0|1.0|1.0|1.0|1.0|1.0|1.0|1.0|1.0|1.0|1.0|1.0|1.0|1.0|1.0|1.0|1.0|1.0|1.0|1.0|1.0|1.0|1.0|1.0|1.0|1.0|1.0|1.0|1.0|1.0|1.0|1.0|1.0|1.0|1.0|1.0|1.0|1.0|1.0|1.0|1.0|1.0|1.0
2025-04-07 12:08:27.855319|1999-01-04 15:00:00|87|1.0|1.0|1.0|1.0|1.0|1.0|1.0|1.0|1.0|1.0|1.0|1.0|1.0|1.0|1.0|1.0|1.0|1.0|1.0|1.0|1.0|1.0|1.0|1.0|1.0|1.0|1.0|1.0|1.0|1.0|1.0|1.0|1.0|1.0|1.0|1.0|1.0|1.0|1.0|1.0|1.0|1.0|1.0|1.0|1.0|1.0|1.0|1.0|1.0|1.0|1.0|1.0|1.0|1.0|1.0|1.0|1.0|1.0|1.0|1.0|1.0|1.0|1.0|1.0|1.0|1.0|1.0|1.0
2025-04-07 12:08:27.856315|1999-01-04 16:00:00|88|1.0|1.0|1.0|1.0|1.0|1.0|1.0|1.0|1.0|1.0|1.0|1.0|1.0|1.0|1.0|1.0|1.0|1.0|1.0|1.0|1.0|1.0|1.0|1.0|1.0|1.0|1.0|1.0|1.0|1.0|1.0|1.0|1.0|1.0|1.0|1.0|1.0|1.0|1.0|1.0|1.0|1.0|1.0|1.0|1.0|1.0|1.0|1.0|1.0|1.0|1.0|1.0|1.0|1.0|1.0|1.0|1.0|1.0|1.0|1.0|1.0|1.0|1.0|1.0|1.0|1.0|1.0|1.0
2025-04-07 12:08:27.856315|1999-01-04 17:00:00|89|1.0|1.0|1.0|1.0|1.0|1.0|1.0|1.0|1.0|1.0|1.0|1.0|1.0|1.0|1.0|1.0|1.0|1.0|1.0|1.0|1.0|1.0|1.0|1.0|1.0|1.0|1.0|1.0|1.0|1.0|1.0|1.0|1.0|1.0|1.0|1.0|1.0|1.0|1.0|1.0|1.0|1.0|1.0|1.0|1.0|1.0|1.0|1.0|1.0|1.0|1.0|1.0|1.0|1.0|1.0|1.0|1.0|1.0|1.0|1.0|1.0|1.0|1.0|1.0|1.0|1.0|1.0|1.0
2025-04-07 12:08:27.856315|1999-01-04 18:00:00|90|1.0|1.0|1.0|1.0|1.0|1.0|1.0|1.0|1.0|1.0|1.0|1.0|1.0|1.0|1.0|1.0|1.0|1.0|1.0|1.0|1.0|1.0|1.0|1.0|1.0|1.0|1.0|1.0|1.0|1.0|1.0|1.0|1.0|1.0|1.0|1.0|1.0|1.0|1.0|1.0|1.0|1.0|1.0|1.0|1.0|1.0|1.0|1.0|1.0|1.0|1.0|1.0|1.0|1.0|1.0|1.0|1.0|1.0|1.0|1.0|1.0|1.0|1.0|1.0|1.0|1.0|1.0|1.0
2025-04-07 12:08:27.856315|1999-01-04 19:00:00|91|1.0|1.0|1.0|1.0|1.0|1.0|1.0|1.0|1.0|1.0|1.0|1.0|1.0|1.0|1.0|1.0|1.0|1.0|1.0|1.0|1.0|1.0|1.0|1.0|1.0|1.0|1.0|1.0|1.0|1.0|1.0|1.0|1.0|1.0|1.0|1.0|1.0|1.0|1.0|1.0|1.0|1.0|1.0|1.0|1.0|1.0|1.0|1.0|1.0|1.0|1.0|1.0|1.0|1.0|1.0|1.0|1.0|1.0|1.0|1.0|1.0|1.0|1.0|1.0|1.0|1.0|1.0|1.0
2025-04-07 12:08:27.856315|1999-01-04 20:00:00|92|1.0|1.0|1.0|1.0|1.0|1.0|1.0|1.0|1.0|1.0|1.0|1.0|1.0|1.0|1.0|1.0|1.0|1.0|1.0|1.0|1.0|1.0|1.0|1.0|1.0|1.0|1.0|1.0|1.0|1.0|1.0|1.0|1.0|1.0|1.0|1.0|1.0|1.0|1.0|1.0|1.0|1.0|1.0|1.0|1.0|1.0|1.0|1.0|1.0|1.0|1.0|1.0|1.0|1.0|1.0|1.0|1.0|1.0|1.0|1.0|1.0|1.0|1.0|1.0|1.0|1.0|1.0|1.0
2025-04-07 12:08:27.856315|1999-01-04 21:00:00|93|1.0|1.0|1.0|1.0|1.0|1.0|1.0|1.0|1.0|1.0|1.0|1.0|1.0|1.0|1.0|1.0|1.0|1.0|1.0|1.0|1.0|1.0|1.0|1.0|1.0|1.0|1.0|1.0|1.0|1.0|1.0|1.0|1.0|1.0|1.0|1.0|1.0|1.0|1.0|1.0|1.0|1.0|1.0|1.0|1.0|1.0|1.0|1.0|1.0|1.0|1.0|1.0|1.0|1.0|1.0|1.0|1.0|1.0|1.0|1.0|1.0|1.0|1.0|1.0|1.0|1.0|1.0|1.0
2025-04-07 12:08:27.857311|1999-01-04 22:00:00|94|1.0|1.0|1.0|1.0|1.0|1.0|1.0|1.0|1.0|1.0|1.0|1.0|1.0|1.0|1.0|1.0|1.0|1.0|1.0|1.0|1.0|1.0|1.0|1.0|1.0|1.0|1.0|1.0|1.0|1.0|1.0|1.0|1.0|1.0|1.0|1.0|1.0|1.0|1.0|1.0|1.0|1.0|1.0|1.0|1.0|1.0|1.0|1.0|1.0|1.0|1.0|1.0|1.0|1.0|1.0|1.0|1.0|1.0|1.0|1.0|1.0|1.0|1.0|1.0|1.0|1.0|1.0|1.0
2025-04-07 12:08:27.857311|1999-01-04 23:00:00|95|1.0|1.0|1.0|1.0|1.0|1.0|1.0|1.0|1.0|1.0|1.0|1.0|1.0|1.0|1.0|1.0|1.0|1.0|1.0|1.0|1.0|1.0|1.0|1.0|1.0|1.0|1.0|1.0|1.0|1.0|1.0|1.0|1.0|1.0|1.0|1.0|1.0|1.0|1.0|1.0|1.0|1.0|1.0|1.0|1.0|1.0|1.0|1.0|1.0|1.0|1.0|1.0|1.0|1.0|1.0|1.0|1.0|1.0|1.0|1.0|1.0|1.0|1.0|1.0|1.0|1.0|1.0|1.0
2025-04-07 12:08:27.857311|1999-01-05 00:00:00|96|1.0|1.0|1.0|1.0|1.0|1.0|1.0|1.0|1.0|1.0|1.0|1.0|1.0|1.0|1.0|1.0|1.0|1.0|1.0|1.0|1.0|1.0|1.0|1.0|1.0|1.0|1.0|1.0|1.0|1.0|1.0|1.0|1.0|1.0|1.0|1.0|1.0|1.0|1.0|1.0|1.0|1.0|1.0|1.0|1.0|1.0|1.0|1.0|1.0|1.0|1.0|1.0|1.0|1.0|1.0|1.0|1.0|1.0|1.0|1.0|1.0|1.0|1.0|1.0|1.0|1.0|1.0|1.0
2025-04-07 12:08:27.857311|1999-01-05 01:00:00|97|1.0|1.0|1.0|1.0|1.0|1.0|1.0|1.0|1.0|1.0|1.0|1.0|1.0|1.0|1.0|1.0|1.0|1.0|1.0|1.0|1.0|1.0|1.0|1.0|1.0|1.0|1.0|1.0|1.0|1.0|1.0|1.0|1.0|1.0|1.0|1.0|1.0|1.0|1.0|1.0|1.0|1.0|1.0|1.0|1.0|1.0|1.0|1.0|1.0|1.0|1.0|1.0|1.0|1.0|1.0|1.0|1.0|1.0|1.0|1.0|1.0|1.0|1.0|1.0|1.0|1.0|1.0|1.0
2025-04-07 12:08:27.857311|1999-01-05 02:00:00|98|1.0|1.0|1.0|1.0|1.0|1.0|1.0|1.0|1.0|1.0|1.0|1.0|1.0|1.0|1.0|1.0|1.0|1.0|1.0|1.0|1.0|1.0|1.0|1.0|1.0|1.0|1.0|1.0|1.0|1.0|1.0|1.0|1.0|1.0|1.0|1.0|1.0|1.0|1.0|1.0|1.0|1.0|1.0|1.0|1.0|1.0|1.0|1.0|1.0|1.0|1.0|1.0|1.0|1.0|1.0|1.0|1.0|1.0|1.0|1.0|1.0|1.0|1.0|1.0|1.0|1.0|1.0|1.0
2025-04-07 12:08:27.857311|1999-01-05 03:00:00|99|1.0|1.0|1.0|1.0|1.0|1.0|1.0|1.0|1.0|1.0|1.0|1.0|1.0|1.0|1.0|1.0|1.0|1.0|1.0|1.0|1.0|1.0|1.0|1.0|1.0|1.0|1.0|1.0|1.0|1.0|1.0|1.0|1.0|1.0|1.0|1.0|1.0|1.0|1.0|1.0|1.0|1.0|1.0|1.0|1.0|1.0|1.0|1.0|1.0|1.0|1.0|1.0|1.0|1.0|1.0|1.0|1.0|1.0|1.0|1.0|1.0|1.0|1.0|1.0|1.0|1.0|1.0|1.0
2025-04-07 12:08:27.858307|1999-01-05 04:00:00|100|1.0|1.0|1.0|1.0|1.0|1.0|1.0|1.0|1.0|1.0|1.0|1.0|1.0|1.0|1.0|1.0|1.0|1.0|1.0|1.0|1.0|1.0|1.0|1.0|1.0|1.0|1.0|1.0|1.0|1.0|1.0|1.0|1.0|1.0|1.0|1.0|1.0|1.0|1.0|1.0|1.0|1.0|1.0|1.0|1.0|1.0|1.0|1.0|1.0|1.0|1.0|1.0|1.0|1.0|1.0|1.0|1.0|1.0|1.0|1.0|1.0|1.0|1.0|1.0|1.0|1.0|1.0|1.0
2025-04-07 12:08:27.858307|1999-01-05 05:00:00|101|1.0|1.0|1.0|1.0|1.0|1.0|1.0|1.0|1.0|1.0|1.0|1.0|1.0|1.0|1.0|1.0|1.0|1.0|1.0|1.0|1.0|1.0|1.0|1.0|1.0|1.0|1.0|1.0|1.0|1.0|1.0|1.0|1.0|1.0|1.0|1.0|1.0|1.0|1.0|1.0|1.0|1.0|1.0|1.0|1.0|1.0|1.0|1.0|1.0|1.0|1.0|1.0|1.0|1.0|1.0|1.0|1.0|1.0|1.0|1.0|1.0|1.0|1.0|1.0|1.0|1.0|1.0|1.0
2025-04-07 12:08:27.858307|1999-01-05 06:00:00|102|1.0|1.0|1.0|1.0|1.0|1.0|1.0|1.0|1.0|1.0|1.0|1.0|1.0|1.0|1.0|1.0|1.0|1.0|1.0|1.0|1.0|1.0|1.0|1.0|1.0|1.0|1.0|1.0|1.0|1.0|1.0|1.0|1.0|1.0|1.0|1.0|1.0|1.0|1.0|1.0|1.0|1.0|1.0|1.0|1.0|1.0|1.0|1.0|1.0|1.0|1.0|1.0|1.0|1.0|1.0|1.0|1.0|1.0|1.0|1.0|1.0|1.0|1.0|1.0|1.0|1.0|1.0|1.0
2025-04-07 12:08:27.858307|1999-01-05 07:00:00|103|1.0|1.0|1.0|1.0|1.0|1.0|1.0|1.0|1.0|1.0|1.0|1.0|1.0|1.0|1.0|1.0|1.0|1.0|1.0|1.0|1.0|1.0|1.0|1.0|1.0|1.0|1.0|1.0|1.0|1.0|1.0|1.0|1.0|1.0|1.0|1.0|1.0|1.0|1.0|1.0|1.0|1.0|1.0|1.0|1.0|1.0|1.0|1.0|1.0|1.0|1.0|1.0|1.0|1.0|1.0|1.0|1.0|1.0|1.0|1.0|1.0|1.0|1.0|1.0|1.0|1.0|1.0|1.0
2025-04-07 12:08:27.858307|1999-01-05 08:00:00|104|1.0|1.0|1.0|1.0|1.0|1.0|1.0|1.0|1.0|1.0|1.0|1.0|1.0|1.0|1.0|1.0|1.0|1.0|1.0|1.0|1.0|1.0|1.0|1.0|1.0|1.0|1.0|1.0|1.0|1.0|1.0|1.0|1.0|1.0|1.0|1.0|1.0|1.0|1.0|1.0|1.0|1.0|1.0|1.0|1.0|1.0|1.0|1.0|1.0|1.0|1.0|1.0|1.0|1.0|1.0|1.0|1.0|1.0|1.0|1.0|1.0|1.0|1.0|1.0|1.0|1.0|1.0|1.0
2025-04-07 12:08:27.859341|1999-01-05 09:00:00|105|1.0|1.0|1.0|1.0|1.0|1.0|1.0|1.0|1.0|1.0|1.0|1.0|1.0|1.0|1.0|1.0|1.0|1.0|1.0|1.0|1.0|1.0|1.0|1.0|1.0|1.0|1.0|1.0|1.0|1.0|1.0|1.0|1.0|1.0|1.0|1.0|1.0|1.0|1.0|1.0|1.0|1.0|1.0|1.0|1.0|1.0|1.0|1.0|1.0|1.0|1.0|1.0|1.0|1.0|1.0|1.0|1.0|1.0|1.0|1.0|1.0|1.0|1.0|1.0|1.0|1.0|1.0|1.0
2025-04-07 12:08:27.859341|1999-01-05 10:00:00|106|1.0|1.0|1.0|1.0|1.0|1.0|1.0|1.0|1.0|1.0|1.0|1.0|1.0|1.0|1.0|1.0|1.0|1.0|1.0|1.0|1.0|1.0|1.0|1.0|1.0|1.0|1.0|1.0|1.0|1.0|1.0|1.0|1.0|1.0|1.0|1.0|1.0|1.0|1.0|1.0|1.0|1.0|1.0|1.0|1.0|1.0|1.0|1.0|1.0|1.0|1.0|1.0|1.0|1.0|1.0|1.0|1.0|1.0|1.0|1.0|1.0|1.0|1.0|1.0|1.0|1.0|1.0|1.0
2025-04-07 12:08:27.859341|1999-01-05 11:00:00|107|1.0|1.0|1.0|1.0|1.0|1.0|1.0|1.0|1.0|1.0|1.0|1.0|1.0|1.0|1.0|1.0|1.0|1.0|1.0|1.0|1.0|1.0|1.0|1.0|1.0|1.0|1.0|1.0|1.0|1.0|1.0|1.0|1.0|1.0|1.0|1.0|1.0|1.0|1.0|1.0|1.0|1.0|1.0|1.0|1.0|1.0|1.0|1.0|1.0|1.0|1.0|1.0|1.0|1.0|1.0|1.0|1.0|1.0|1.0|1.0|1.0|1.0|1.0|1.0|1.0|1.0|1.0|1.0
2025-04-07 12:08:27.860563|1999-01-05 12:00:00|108|1.0|1.0|1.0|1.0|1.0|1.0|1.0|1.0|1.0|1.0|1.0|1.0|1.0|1.0|1.0|1.0|1.0|1.0|1.0|1.0|1.0|1.0|1.0|1.0|1.0|1.0|1.0|1.0|1.0|1.0|1.0|1.0|1.0|1.0|1.0|1.0|1.0|1.0|1.0|1.0|1.0|1.0|1.0|1.0|1.0|1.0|1.0|1.0|1.0|1.0|1.0|1.0|1.0|1.0|1.0|1.0|1.0|1.0|1.0|1.0|1.0|1.0|1.0|1.0|1.0|1.0|1.0|1.0
2025-04-07 12:08:27.860563|1999-01-05 13:00:00|109|1.0|1.0|1.0|1.0|1.0|1.0|1.0|1.0|1.0|1.0|1.0|1.0|1.0|1.0|1.0|1.0|1.0|1.0|1.0|1.0|1.0|1.0|1.0|1.0|1.0|1.0|1.0|1.0|1.0|1.0|1.0|1.0|1.0|1.0|1.0|1.0|1.0|1.0|1.0|1.0|1.0|1.0|1.0|1.0|1.0|1.0|1.0|1.0|1.0|1.0|1.0|1.0|1.0|1.0|1.0|1.0|1.0|1.0|1.0|1.0|1.0|1.0|1.0|1.0|1.0|1.0|1.0|1.0
2025-04-07 12:08:27.860563|1999-01-05 14:00:00|110|1.0|1.0|1.0|1.0|1.0|1.0|1.0|1.0|1.0|1.0|1.0|1.0|1.0|1.0|1.0|1.0|1.0|1.0|1.0|1.0|1.0|1.0|1.0|1.0|1.0|1.0|1.0|1.0|1.0|1.0|1.0|1.0|1.0|1.0|1.0|1.0|1.0|1.0|1.0|1.0|1.0|1.0|1.0|1.0|1.0|1.0|1.0|1.0|1.0|1.0|1.0|1.0|1.0|1.0|1.0|1.0|1.0|1.0|1.0|1.0|1.0|1.0|1.0|1.0|1.0|1.0|1.0|1.0
2025-04-07 12:08:27.861680|1999-01-05 15:00:00|111|1.0|1.0|1.0|1.0|1.0|1.0|1.0|1.0|1.0|1.0|1.0|1.0|1.0|1.0|1.0|1.0|1.0|1.0|1.0|1.0|1.0|1.0|1.0|1.0|1.0|1.0|1.0|1.0|1.0|1.0|1.0|1.0|1.0|1.0|1.0|1.0|1.0|1.0|1.0|1.0|1.0|1.0|1.0|1.0|1.0|1.0|1.0|1.0|1.0|1.0|1.0|1.0|1.0|1.0|1.0|1.0|1.0|1.0|1.0|1.0|1.0|1.0|1.0|1.0|1.0|1.0|1.0|1.0
2025-04-07 12:08:27.861680|1999-01-05 16:00:00|112|1.0|1.0|1.0|1.0|1.0|1.0|1.0|1.0|1.0|1.0|1.0|1.0|1.0|1.0|1.0|1.0|1.0|1.0|1.0|1.0|1.0|1.0|1.0|1.0|1.0|1.0|1.0|1.0|1.0|1.0|1.0|1.0|1.0|1.0|1.0|1.0|1.0|1.0|1.0|1.0|1.0|1.0|1.0|1.0|1.0|1.0|1.0|1.0|1.0|1.0|1.0|1.0|1.0|1.0|1.0|1.0|1.0|1.0|1.0|1.0|1.0|1.0|1.0|1.0|1.0|1.0|1.0|1.0
2025-04-07 12:08:27.862685|1999-01-05 17:00:00|113|1.0|1.0|1.0|1.0|1.0|1.0|1.0|1.0|1.0|1.0|1.0|1.0|1.0|1.0|1.0|1.0|1.0|1.0|1.0|1.0|1.0|1.0|1.0|1.0|1.0|1.0|1.0|1.0|1.0|1.0|1.0|1.0|1.0|1.0|1.0|1.0|1.0|1.0|1.0|1.0|1.0|1.0|1.0|1.0|1.0|1.0|1.0|1.0|1.0|1.0|1.0|1.0|1.0|1.0|1.0|1.0|1.0|1.0|1.0|1.0|1.0|1.0|1.0|1.0|1.0|1.0|1.0|1.0
2025-04-07 12:08:27.862685|1999-01-05 18:00:00|114|1.0|1.0|1.0|1.0|1.0|1.0|1.0|1.0|1.0|1.0|1.0|1.0|1.0|1.0|1.0|1.0|1.0|1.0|1.0|1.0|1.0|1.0|1.0|1.0|1.0|1.0|1.0|1.0|1.0|1.0|1.0|1.0|1.0|1.0|1.0|1.0|1.0|1.0|1.0|1.0|1.0|1.0|1.0|1.0|1.0|1.0|1.0|1.0|1.0|1.0|1.0|1.0|1.0|1.0|1.0|1.0|1.0|1.0|1.0|1.0|1.0|1.0|1.0|1.0|1.0|1.0|1.0|1.0
2025-04-07 12:08:27.863668|1999-01-05 19:00:00|115|1.0|1.0|1.0|1.0|1.0|1.0|1.0|1.0|1.0|1.0|1.0|1.0|1.0|1.0|1.0|1.0|1.0|1.0|1.0|1.0|1.0|1.0|1.0|1.0|1.0|1.0|1.0|1.0|1.0|1.0|1.0|1.0|1.0|1.0|1.0|1.0|1.0|1.0|1.0|1.0|1.0|1.0|1.0|1.0|1.0|1.0|1.0|1.0|1.0|1.0|1.0|1.0|1.0|1.0|1.0|1.0|1.0|1.0|1.0|1.0|1.0|1.0|1.0|1.0|1.0|1.0|1.0|1.0
2025-04-07 12:08:27.863668|1999-01-05 20:00:00|116|1.0|1.0|1.0|1.0|1.0|1.0|1.0|1.0|1.0|1.0|1.0|1.0|1.0|1.0|1.0|1.0|1.0|1.0|1.0|1.0|1.0|1.0|1.0|1.0|1.0|1.0|1.0|1.0|1.0|1.0|1.0|1.0|1.0|1.0|1.0|1.0|1.0|1.0|1.0|1.0|1.0|1.0|1.0|1.0|1.0|1.0|1.0|1.0|1.0|1.0|1.0|1.0|1.0|1.0|1.0|1.0|1.0|1.0|1.0|1.0|1.0|1.0|1.0|1.0|1.0|1.0|1.0|1.0
2025-04-07 12:08:27.864664|1999-01-05 21:00:00|117|1.0|1.0|1.0|1.0|1.0|1.0|1.0|1.0|1.0|1.0|1.0|1.0|1.0|1.0|1.0|1.0|1.0|1.0|1.0|1.0|1.0|1.0|1.0|1.0|1.0|1.0|1.0|1.0|1.0|1.0|1.0|1.0|1.0|1.0|1.0|1.0|1.0|1.0|1.0|1.0|1.0|1.0|1.0|1.0|1.0|1.0|1.0|1.0|1.0|1.0|1.0|1.0|1.0|1.0|1.0|1.0|1.0|1.0|1.0|1.0|1.0|1.0|1.0|1.0|1.0|1.0|1.0|1.0
2025-04-07 12:08:27.864664|1999-01-05 22:00:00|118|1.0|1.0|1.0|1.0|1.0|1.0|1.0|1.0|1.0|1.0|1.0|1.0|1.0|1.0|1.0|1.0|1.0|1.0|1.0|1.0|1.0|1.0|1.0|1.0|1.0|1.0|1.0|1.0|1.0|1.0|1.0|1.0|1.0|1.0|1.0|1.0|1.0|1.0|1.0|1.0|1.0|1.0|1.0|1.0|1.0|1.0|1.0|1.0|1.0|1.0|1.0|1.0|1.0|1.0|1.0|1.0|1.0|1.0|1.0|1.0|1.0|1.0|1.0|1.0|1.0|1.0|1.0|1.0
2025-04-07 12:08:27.865664|1999-01-05 23:00:00|119|1.0|1.0|1.0|1.0|1.0|1.0|1.0|1.0|1.0|1.0|1.0|1.0|1.0|1.0|1.0|1.0|1.0|1.0|1.0|1.0|1.0|1.0|1.0|1.0|1.0|1.0|1.0|1.0|1.0|1.0|1.0|1.0|1.0|1.0|1.0|1.0|1.0|1.0|1.0|1.0|1.0|1.0|1.0|1.0|1.0|1.0|1.0|1.0|1.0|1.0|1.0|1.0|1.0|1.0|1.0|1.0|1.0|1.0|1.0|1.0|1.0|1.0|1.0|1.0|1.0|1.0|1.0|1.0
2025-04-07 12:08:27.865664|1999-01-06 00:00:00|120|1.0|1.0|1.0|1.0|1.0|1.0|1.0|1.0|1.0|1.0|1.0|1.0|1.0|1.0|1.0|1.0|1.0|1.0|1.0|1.0|1.0|1.0|1.0|1.0|1.0|1.0|1.0|1.0|1.0|1.0|1.0|1.0|1.0|1.0|1.0|1.0|1.0|1.0|1.0|1.0|1.0|1.0|1.0|1.0|1.0|1.0|1.0|1.0|1.0|1.0|1.0|1.0|1.0|1.0|1.0|1.0|1.0|1.0|1.0|1.0|1.0|1.0|1.0|1.0|1.0|1.0|1.0|1.0
2025-04-07 12:08:27.866661|1999-01-06 01:00:00|121|1.0|1.0|1.0|1.0|1.0|1.0|1.0|1.0|1.0|1.0|1.0|1.0|1.0|1.0|1.0|1.0|1.0|1.0|1.0|1.0|1.0|1.0|1.0|1.0|1.0|1.0|1.0|1.0|1.0|1.0|1.0|1.0|1.0|1.0|1.0|1.0|1.0|1.0|1.0|1.0|1.0|1.0|1.0|1.0|1.0|1.0|1.0|1.0|1.0|1.0|1.0|1.0|1.0|1.0|1.0|1.0|1.0|1.0|1.0|1.0|1.0|1.0|1.0|1.0|1.0|1.0|1.0|1.0
2025-04-07 12:08:27.866661|1999-01-06 02:00:00|122|1.0|1.0|1.0|1.0|1.0|1.0|1.0|1.0|1.0|1.0|1.0|1.0|1.0|1.0|1.0|1.0|1.0|1.0|1.0|1.0|1.0|1.0|1.0|1.0|1.0|1.0|1.0|1.0|1.0|1.0|1.0|1.0|1.0|1.0|1.0|1.0|1.0|1.0|1.0|1.0|1.0|1.0|1.0|1.0|1.0|1.0|1.0|1.0|1.0|1.0|1.0|1.0|1.0|1.0|1.0|1.0|1.0|1.0|1.0|1.0|1.0|1.0|1.0|1.0|1.0|1.0|1.0|1.0
2025-04-07 12:08:27.867660|1999-01-06 03:00:00|123|1.0|1.0|1.0|1.0|1.0|1.0|1.0|1.0|1.0|1.0|1.0|1.0|1.0|1.0|1.0|1.0|1.0|1.0|1.0|1.0|1.0|1.0|1.0|1.0|1.0|1.0|1.0|1.0|1.0|1.0|1.0|1.0|1.0|1.0|1.0|1.0|1.0|1.0|1.0|1.0|1.0|1.0|1.0|1.0|1.0|1.0|1.0|1.0|1.0|1.0|1.0|1.0|1.0|1.0|1.0|1.0|1.0|1.0|1.0|1.0|1.0|1.0|1.0|1.0|1.0|1.0|1.0|1.0
2025-04-07 12:08:27.867660|1999-01-06 04:00:00|124|1.0|1.0|1.0|1.0|1.0|1.0|1.0|1.0|1.0|1.0|1.0|1.0|1.0|1.0|1.0|1.0|1.0|1.0|1.0|1.0|1.0|1.0|1.0|1.0|1.0|1.0|1.0|1.0|1.0|1.0|1.0|1.0|1.0|1.0|1.0|1.0|1.0|1.0|1.0|1.0|1.0|1.0|1.0|1.0|1.0|1.0|1.0|1.0|1.0|1.0|1.0|1.0|1.0|1.0|1.0|1.0|1.0|1.0|1.0|1.0|1.0|1.0|1.0|1.0|1.0|1.0|1.0|1.0
2025-04-07 12:08:27.868660|1999-01-06 05:00:00|125|1.0|1.0|1.0|1.0|1.0|1.0|1.0|1.0|1.0|1.0|1.0|1.0|1.0|1.0|1.0|1.0|1.0|1.0|1.0|1.0|1.0|1.0|1.0|1.0|1.0|1.0|1.0|1.0|1.0|1.0|1.0|1.0|1.0|1.0|1.0|1.0|1.0|1.0|1.0|1.0|1.0|1.0|1.0|1.0|1.0|1.0|1.0|1.0|1.0|1.0|1.0|1.0|1.0|1.0|1.0|1.0|1.0|1.0|1.0|1.0|1.0|1.0|1.0|1.0|1.0|1.0|1.0|1.0
2025-04-07 12:08:27.868660|1999-01-06 06:00:00|126|1.0|1.0|1.0|1.0|1.0|1.0|1.0|1.0|1.0|1.0|1.0|1.0|1.0|1.0|1.0|1.0|1.0|1.0|1.0|1.0|1.0|1.0|1.0|1.0|1.0|1.0|1.0|1.0|1.0|1.0|1.0|1.0|1.0|1.0|1.0|1.0|1.0|1.0|1.0|1.0|1.0|1.0|1.0|1.0|1.0|1.0|1.0|1.0|1.0|1.0|1.0|1.0|1.0|1.0|1.0|1.0|1.0|1.0|1.0|1.0|1.0|1.0|1.0|1.0|1.0|1.0|1.0|1.0
2025-04-07 12:08:27.869658|1999-01-06 07:00:00|127|1.0|1.0|1.0|1.0|1.0|1.0|1.0|1.0|1.0|1.0|1.0|1.0|1.0|1.0|1.0|1.0|1.0|1.0|1.0|1.0|1.0|1.0|1.0|1.0|1.0|1.0|1.0|1.0|1.0|1.0|1.0|1.0|1.0|1.0|1.0|1.0|1.0|1.0|1.0|1.0|1.0|1.0|1.0|1.0|1.0|1.0|1.0|1.0|1.0|1.0|1.0|1.0|1.0|1.0|1.0|1.0|1.0|1.0|1.0|1.0|1.0|1.0|1.0|1.0|1.0|1.0|1.0|1.0
2025-04-07 12:08:27.869658|1999-01-06 08:00:00|128|1.0|1.0|1.0|1.0|1.0|1.0|1.0|1.0|1.0|1.0|1.0|1.0|1.0|1.0|1.0|1.0|1.0|1.0|1.0|1.0|1.0|1.0|1.0|1.0|1.0|1.0|1.0|1.0|1.0|1.0|1.0|1.0|1.0|1.0|1.0|1.0|1.0|1.0|1.0|1.0|1.0|1.0|1.0|1.0|1.0|1.0|1.0|1.0|1.0|1.0|1.0|1.0|1.0|1.0|1.0|1.0|1.0|1.0|1.0|1.0|1.0|1.0|1.0|1.0|1.0|1.0|1.0|1.0
2025-04-07 12:08:27.871842|1999-01-06 09:00:00|129|1.0|1.0|1.0|1.0|1.0|1.0|1.0|1.0|1.0|1.0|1.0|1.0|1.0|1.0|1.0|1.0|1.0|1.0|1.0|1.0|1.0|1.0|1.0|1.0|1.0|1.0|1.0|1.0|1.0|1.0|1.0|1.0|1.0|1.0|1.0|1.0|1.0|1.0|1.0|1.0|1.0|1.0|1.0|1.0|1.0|1.0|1.0|1.0|1.0|1.0|1.0|1.0|1.0|1.0|1.0|1.0|1.0|1.0|1.0|1.0|1.0|1.0|1.0|1.0|1.0|1.0|1.0|1.0
2025-04-07 12:08:27.872558|1999-01-06 10:00:00|130|1.0|1.0|1.0|1.0|1.0|1.0|1.0|1.0|1.0|1.0|1.0|1.0|1.0|1.0|1.0|1.0|1.0|1.0|1.0|1.0|1.0|1.0|1.0|1.0|1.0|1.0|1.0|1.0|1.0|1.0|1.0|1.0|1.0|1.0|1.0|1.0|1.0|1.0|1.0|1.0|1.0|1.0|1.0|1.0|1.0|1.0|1.0|1.0|1.0|1.0|1.0|1.0|1.0|1.0|1.0|1.0|1.0|1.0|1.0|1.0|1.0|1.0|1.0|1.0|1.0|1.0|1.0|1.0
2025-04-07 12:08:27.873061|1999-01-06 11:00:00|131|1.0|1.0|1.0|1.0|1.0|1.0|1.0|1.0|1.0|1.0|1.0|1.0|1.0|1.0|1.0|1.0|1.0|1.0|1.0|1.0|1.0|1.0|1.0|1.0|1.0|1.0|1.0|1.0|1.0|1.0|1.0|1.0|1.0|1.0|1.0|1.0|1.0|1.0|1.0|1.0|1.0|1.0|1.0|1.0|1.0|1.0|1.0|1.0|1.0|1.0|1.0|1.0|1.0|1.0|1.0|1.0|1.0|1.0|1.0|1.0|1.0|1.0|1.0|1.0|1.0|1.0|1.0|1.0
2025-04-07 12:08:27.873171|1999-01-06 12:00:00|132|1.0|1.0|1.0|1.0|1.0|1.0|1.0|1.0|1.0|1.0|1.0|1.0|1.0|1.0|1.0|1.0|1.0|1.0|1.0|1.0|1.0|1.0|1.0|1.0|1.0|1.0|1.0|1.0|1.0|1.0|1.0|1.0|1.0|1.0|1.0|1.0|1.0|1.0|1.0|1.0|1.0|1.0|1.0|1.0|1.0|1.0|1.0|1.0|1.0|1.0|1.0|1.0|1.0|1.0|1.0|1.0|1.0|1.0|1.0|1.0|1.0|1.0|1.0|1.0|1.0|1.0|1.0|1.0
2025-04-07 12:08:27.874173|1999-01-06 13:00:00|133|1.0|1.0|1.0|1.0|1.0|1.0|1.0|1.0|1.0|1.0|1.0|1.0|1.0|1.0|1.0|1.0|1.0|1.0|1.0|1.0|1.0|1.0|1.0|1.0|1.0|1.0|1.0|1.0|1.0|1.0|1.0|1.0|1.0|1.0|1.0|1.0|1.0|1.0|1.0|1.0|1.0|1.0|1.0|1.0|1.0|1.0|1.0|1.0|1.0|1.0|1.0|1.0|1.0|1.0|1.0|1.0|1.0|1.0|1.0|1.0|1.0|1.0|1.0|1.0|1.0|1.0|1.0|1.0
2025-04-07 12:08:27.874173|1999-01-06 14:00:00|134|1.0|1.0|1.0|1.0|1.0|1.0|1.0|1.0|1.0|1.0|1.0|1.0|1.0|1.0|1.0|1.0|1.0|1.0|1.0|1.0|1.0|1.0|1.0|1.0|1.0|1.0|1.0|1.0|1.0|1.0|1.0|1.0|1.0|1.0|1.0|1.0|1.0|1.0|1.0|1.0|1.0|1.0|1.0|1.0|1.0|1.0|1.0|1.0|1.0|1.0|1.0|1.0|1.0|1.0|1.0|1.0|1.0|1.0|1.0|1.0|1.0|1.0|1.0|1.0|1.0|1.0|1.0|1.0
2025-04-07 12:08:27.874173|1999-01-06 15:00:00|135|1.0|1.0|1.0|1.0|1.0|1.0|1.0|1.0|1.0|1.0|1.0|1.0|1.0|1.0|1.0|1.0|1.0|1.0|1.0|1.0|1.0|1.0|1.0|1.0|1.0|1.0|1.0|1.0|1.0|1.0|1.0|1.0|1.0|1.0|1.0|1.0|1.0|1.0|1.0|1.0|1.0|1.0|1.0|1.0|1.0|1.0|1.0|1.0|1.0|1.0|1.0|1.0|1.0|1.0|1.0|1.0|1.0|1.0|1.0|1.0|1.0|1.0|1.0|1.0|1.0|1.0|1.0|1.0
2025-04-07 12:08:27.874173|1999-01-06 16:00:00|136|1.0|1.0|1.0|1.0|1.0|1.0|1.0|1.0|1.0|1.0|1.0|1.0|1.0|1.0|1.0|1.0|1.0|1.0|1.0|1.0|1.0|1.0|1.0|1.0|1.0|1.0|1.0|1.0|1.0|1.0|1.0|1.0|1.0|1.0|1.0|1.0|1.0|1.0|1.0|1.0|1.0|1.0|1.0|1.0|1.0|1.0|1.0|1.0|1.0|1.0|1.0|1.0|1.0|1.0|1.0|1.0|1.0|1.0|1.0|1.0|1.0|1.0|1.0|1.0|1.0|1.0|1.0|1.0
2025-04-07 12:08:27.875171|1999-01-06 17:00:00|137|1.0|1.0|1.0|1.0|1.0|1.0|1.0|1.0|1.0|1.0|1.0|1.0|1.0|1.0|1.0|1.0|1.0|1.0|1.0|1.0|1.0|1.0|1.0|1.0|1.0|1.0|1.0|1.0|1.0|1.0|1.0|1.0|1.0|1.0|1.0|1.0|1.0|1.0|1.0|1.0|1.0|1.0|1.0|1.0|1.0|1.0|1.0|1.0|1.0|1.0|1.0|1.0|1.0|1.0|1.0|1.0|1.0|1.0|1.0|1.0|1.0|1.0|1.0|1.0|1.0|1.0|1.0|1.0
2025-04-07 12:08:27.875673|1999-01-06 18:00:00|138|1.0|1.0|1.0|1.0|1.0|1.0|1.0|1.0|1.0|1.0|1.0|1.0|1.0|1.0|1.0|1.0|1.0|1.0|1.0|1.0|1.0|1.0|1.0|1.0|1.0|1.0|1.0|1.0|1.0|1.0|1.0|1.0|1.0|1.0|1.0|1.0|1.0|1.0|1.0|1.0|1.0|1.0|1.0|1.0|1.0|1.0|1.0|1.0|1.0|1.0|1.0|1.0|1.0|1.0|1.0|1.0|1.0|1.0|1.0|1.0|1.0|1.0|1.0|1.0|1.0|1.0|1.0|1.0
2025-04-07 12:08:27.875673|1999-01-06 19:00:00|139|1.0|1.0|1.0|1.0|1.0|1.0|1.0|1.0|1.0|1.0|1.0|1.0|1.0|1.0|1.0|1.0|1.0|1.0|1.0|1.0|1.0|1.0|1.0|1.0|1.0|1.0|1.0|1.0|1.0|1.0|1.0|1.0|1.0|1.0|1.0|1.0|1.0|1.0|1.0|1.0|1.0|1.0|1.0|1.0|1.0|1.0|1.0|1.0|1.0|1.0|1.0|1.0|1.0|1.0|1.0|1.0|1.0|1.0|1.0|1.0|1.0|1.0|1.0|1.0|1.0|1.0|1.0|1.0
2025-04-07 12:08:27.876672|1999-01-06 20:00:00|140|1.0|1.0|1.0|1.0|1.0|1.0|1.0|1.0|1.0|1.0|1.0|1.0|1.0|1.0|1.0|1.0|1.0|1.0|1.0|1.0|1.0|1.0|1.0|1.0|1.0|1.0|1.0|1.0|1.0|1.0|1.0|1.0|1.0|1.0|1.0|1.0|1.0|1.0|1.0|1.0|1.0|1.0|1.0|1.0|1.0|1.0|1.0|1.0|1.0|1.0|1.0|1.0|1.0|1.0|1.0|1.0|1.0|1.0|1.0|1.0|1.0|1.0|1.0|1.0|1.0|1.0|1.0|1.0
2025-04-07 12:08:27.877668|1999-01-06 21:00:00|141|1.0|1.0|1.0|1.0|1.0|1.0|1.0|1.0|1.0|1.0|1.0|1.0|1.0|1.0|1.0|1.0|1.0|1.0|1.0|1.0|1.0|1.0|1.0|1.0|1.0|1.0|1.0|1.0|1.0|1.0|1.0|1.0|1.0|1.0|1.0|1.0|1.0|1.0|1.0|1.0|1.0|1.0|1.0|1.0|1.0|1.0|1.0|1.0|1.0|1.0|1.0|1.0|1.0|1.0|1.0|1.0|1.0|1.0|1.0|1.0|1.0|1.0|1.0|1.0|1.0|1.0|1.0|1.0
2025-04-07 12:08:27.877960|1999-01-06 22:00:00|142|1.0|1.0|1.0|1.0|1.0|1.0|1.0|1.0|1.0|1.0|1.0|1.0|1.0|1.0|1.0|1.0|1.0|1.0|1.0|1.0|1.0|1.0|1.0|1.0|1.0|1.0|1.0|1.0|1.0|1.0|1.0|1.0|1.0|1.0|1.0|1.0|1.0|1.0|1.0|1.0|1.0|1.0|1.0|1.0|1.0|1.0|1.0|1.0|1.0|1.0|1.0|1.0|1.0|1.0|1.0|1.0|1.0|1.0|1.0|1.0|1.0|1.0|1.0|1.0|1.0|1.0|1.0|1.0
2025-04-07 12:08:27.877960|1999-01-06 23:00:00|143|1.0|1.0|1.0|1.0|1.0|1.0|1.0|1.0|1.0|1.0|1.0|1.0|1.0|1.0|1.0|1.0|1.0|1.0|1.0|1.0|1.0|1.0|1.0|1.0|1.0|1.0|1.0|1.0|1.0|1.0|1.0|1.0|1.0|1.0|1.0|1.0|1.0|1.0|1.0|1.0|1.0|1.0|1.0|1.0|1.0|1.0|1.0|1.0|1.0|1.0|1.0|1.0|1.0|1.0|1.0|1.0|1.0|1.0|1.0|1.0|1.0|1.0|1.0|1.0|1.0|1.0|1.0|1.0
2025-04-07 12:08:27.877960|1999-01-07 00:00:00|144|1.0|1.0|1.0|1.0|1.0|1.0|1.0|1.0|1.0|1.0|1.0|1.0|1.0|1.0|1.0|1.0|1.0|1.0|1.0|1.0|1.0|1.0|1.0|1.0|1.0|1.0|1.0|1.0|1.0|1.0|1.0|1.0|1.0|1.0|1.0|1.0|1.0|1.0|1.0|1.0|1.0|1.0|1.0|1.0|1.0|1.0|1.0|1.0|1.0|1.0|1.0|1.0|1.0|1.0|1.0|1.0|1.0|1.0|1.0|1.0|1.0|1.0|1.0|1.0|1.0|1.0|1.0|1.0
2025-04-07 12:08:27.877960|1999-01-07 01:00:00|145|1.0|1.0|1.0|1.0|1.0|1.0|1.0|1.0|1.0|1.0|1.0|1.0|1.0|1.0|1.0|1.0|1.0|1.0|1.0|1.0|1.0|1.0|1.0|1.0|1.0|1.0|1.0|1.0|1.0|1.0|1.0|1.0|1.0|1.0|1.0|1.0|1.0|1.0|1.0|1.0|1.0|1.0|1.0|1.0|1.0|1.0|1.0|1.0|1.0|1.0|1.0|1.0|1.0|1.0|1.0|1.0|1.0|1.0|1.0|1.0|1.0|1.0|1.0|1.0|1.0|1.0|1.0|1.0
2025-04-07 12:08:27.878961|1999-01-07 02:00:00|146|1.0|1.0|1.0|1.0|1.0|1.0|1.0|1.0|1.0|1.0|1.0|1.0|1.0|1.0|1.0|1.0|1.0|1.0|1.0|1.0|1.0|1.0|1.0|1.0|1.0|1.0|1.0|1.0|1.0|1.0|1.0|1.0|1.0|1.0|1.0|1.0|1.0|1.0|1.0|1.0|1.0|1.0|1.0|1.0|1.0|1.0|1.0|1.0|1.0|1.0|1.0|1.0|1.0|1.0|1.0|1.0|1.0|1.0|1.0|1.0|1.0|1.0|1.0|1.0|1.0|1.0|1.0|1.0
2025-04-07 12:08:27.878961|1999-01-07 03:00:00|147|1.0|1.0|1.0|1.0|1.0|1.0|1.0|1.0|1.0|1.0|1.0|1.0|1.0|1.0|1.0|1.0|1.0|1.0|1.0|1.0|1.0|1.0|1.0|1.0|1.0|1.0|1.0|1.0|1.0|1.0|1.0|1.0|1.0|1.0|1.0|1.0|1.0|1.0|1.0|1.0|1.0|1.0|1.0|1.0|1.0|1.0|1.0|1.0|1.0|1.0|1.0|1.0|1.0|1.0|1.0|1.0|1.0|1.0|1.0|1.0|1.0|1.0|1.0|1.0|1.0|1.0|1.0|1.0
2025-04-07 12:08:27.878961|1999-01-07 04:00:00|148|1.0|1.0|1.0|1.0|1.0|1.0|1.0|1.0|1.0|1.0|1.0|1.0|1.0|1.0|1.0|1.0|1.0|1.0|1.0|1.0|1.0|1.0|1.0|1.0|1.0|1.0|1.0|1.0|1.0|1.0|1.0|1.0|1.0|1.0|1.0|1.0|1.0|1.0|1.0|1.0|1.0|1.0|1.0|1.0|1.0|1.0|1.0|1.0|1.0|1.0|1.0|1.0|1.0|1.0|1.0|1.0|1.0|1.0|1.0|1.0|1.0|1.0|1.0|1.0|1.0|1.0|1.0|1.0
2025-04-07 12:08:27.878961|1999-01-07 05:00:00|149|1.0|1.0|1.0|1.0|1.0|1.0|1.0|1.0|1.0|1.0|1.0|1.0|1.0|1.0|1.0|1.0|1.0|1.0|1.0|1.0|1.0|1.0|1.0|1.0|1.0|1.0|1.0|1.0|1.0|1.0|1.0|1.0|1.0|1.0|1.0|1.0|1.0|1.0|1.0|1.0|1.0|1.0|1.0|1.0|1.0|1.0|1.0|1.0|1.0|1.0|1.0|1.0|1.0|1.0|1.0|1.0|1.0|1.0|1.0|1.0|1.0|1.0|1.0|1.0|1.0|1.0|1.0|1.0
2025-04-07 12:08:27.879957|1999-01-07 06:00:00|150|1.0|1.0|1.0|1.0|1.0|1.0|1.0|1.0|1.0|1.0|1.0|1.0|1.0|1.0|1.0|1.0|1.0|1.0|1.0|1.0|1.0|1.0|1.0|1.0|1.0|1.0|1.0|1.0|1.0|1.0|1.0|1.0|1.0|1.0|1.0|1.0|1.0|1.0|1.0|1.0|1.0|1.0|1.0|1.0|1.0|1.0|1.0|1.0|1.0|1.0|1.0|1.0|1.0|1.0|1.0|1.0|1.0|1.0|1.0|1.0|1.0|1.0|1.0|1.0|1.0|1.0|1.0|1.0
2025-04-07 12:08:27.879957|1999-01-07 07:00:00|151|1.0|1.0|1.0|1.0|1.0|1.0|1.0|1.0|1.0|1.0|1.0|1.0|1.0|1.0|1.0|1.0|1.0|1.0|1.0|1.0|1.0|1.0|1.0|1.0|1.0|1.0|1.0|1.0|1.0|1.0|1.0|1.0|1.0|1.0|1.0|1.0|1.0|1.0|1.0|1.0|1.0|1.0|1.0|1.0|1.0|1.0|1.0|1.0|1.0|1.0|1.0|1.0|1.0|1.0|1.0|1.0|1.0|1.0|1.0|1.0|1.0|1.0|1.0|1.0|1.0|1.0|1.0|1.0
2025-04-07 12:08:27.879957|1999-01-07 08:00:00|152|1.0|1.0|1.0|1.0|1.0|1.0|1.0|1.0|1.0|1.0|1.0|1.0|1.0|1.0|1.0|1.0|1.0|1.0|1.0|1.0|1.0|1.0|1.0|1.0|1.0|1.0|1.0|1.0|1.0|1.0|1.0|1.0|1.0|1.0|1.0|1.0|1.0|1.0|1.0|1.0|1.0|1.0|1.0|1.0|1.0|1.0|1.0|1.0|1.0|1.0|1.0|1.0|1.0|1.0|1.0|1.0|1.0|1.0|1.0|1.0|1.0|1.0|1.0|1.0|1.0|1.0|1.0|1.0
2025-04-07 12:08:27.879957|1999-01-07 09:00:00|153|1.0|1.0|1.0|1.0|1.0|1.0|1.0|1.0|1.0|1.0|1.0|1.0|1.0|1.0|1.0|1.0|1.0|1.0|1.0|1.0|1.0|1.0|1.0|1.0|1.0|1.0|1.0|1.0|1.0|1.0|1.0|1.0|1.0|1.0|1.0|1.0|1.0|1.0|1.0|1.0|1.0|1.0|1.0|1.0|1.0|1.0|1.0|1.0|1.0|1.0|1.0|1.0|1.0|1.0|1.0|1.0|1.0|1.0|1.0|1.0|1.0|1.0|1.0|1.0|1.0|1.0|1.0|1.0
2025-04-07 12:08:27.880955|1999-01-07 10:00:00|154|1.0|1.0|1.0|1.0|1.0|1.0|1.0|1.0|1.0|1.0|1.0|1.0|1.0|1.0|1.0|1.0|1.0|1.0|1.0|1.0|1.0|1.0|1.0|1.0|1.0|1.0|1.0|1.0|1.0|1.0|1.0|1.0|1.0|1.0|1.0|1.0|1.0|1.0|1.0|1.0|1.0|1.0|1.0|1.0|1.0|1.0|1.0|1.0|1.0|1.0|1.0|1.0|1.0|1.0|1.0|1.0|1.0|1.0|1.0|1.0|1.0|1.0|1.0|1.0|1.0|1.0|1.0|1.0
2025-04-07 12:08:27.880955|1999-01-07 11:00:00|155|1.0|1.0|1.0|1.0|1.0|1.0|1.0|1.0|1.0|1.0|1.0|1.0|1.0|1.0|1.0|1.0|1.0|1.0|1.0|1.0|1.0|1.0|1.0|1.0|1.0|1.0|1.0|1.0|1.0|1.0|1.0|1.0|1.0|1.0|1.0|1.0|1.0|1.0|1.0|1.0|1.0|1.0|1.0|1.0|1.0|1.0|1.0|1.0|1.0|1.0|1.0|1.0|1.0|1.0|1.0|1.0|1.0|1.0|1.0|1.0|1.0|1.0|1.0|1.0|1.0|1.0|1.0|1.0
2025-04-07 12:08:27.880955|1999-01-07 12:00:00|156|1.0|1.0|1.0|1.0|1.0|1.0|1.0|1.0|1.0|1.0|1.0|1.0|1.0|1.0|1.0|1.0|1.0|1.0|1.0|1.0|1.0|1.0|1.0|1.0|1.0|1.0|1.0|1.0|1.0|1.0|1.0|1.0|1.0|1.0|1.0|1.0|1.0|1.0|1.0|1.0|1.0|1.0|1.0|1.0|1.0|1.0|1.0|1.0|1.0|1.0|1.0|1.0|1.0|1.0|1.0|1.0|1.0|1.0|1.0|1.0|1.0|1.0|1.0|1.0|1.0|1.0|1.0|1.0
2025-04-07 12:08:27.880955|1999-01-07 13:00:00|157|1.0|1.0|1.0|1.0|1.0|1.0|1.0|1.0|1.0|1.0|1.0|1.0|1.0|1.0|1.0|1.0|1.0|1.0|1.0|1.0|1.0|1.0|1.0|1.0|1.0|1.0|1.0|1.0|1.0|1.0|1.0|1.0|1.0|1.0|1.0|1.0|1.0|1.0|1.0|1.0|1.0|1.0|1.0|1.0|1.0|1.0|1.0|1.0|1.0|1.0|1.0|1.0|1.0|1.0|1.0|1.0|1.0|1.0|1.0|1.0|1.0|1.0|1.0|1.0|1.0|1.0|1.0|1.0
2025-04-07 12:08:27.880955|1999-01-07 14:00:00|158|1.0|1.0|1.0|1.0|1.0|1.0|1.0|1.0|1.0|1.0|1.0|1.0|1.0|1.0|1.0|1.0|1.0|1.0|1.0|1.0|1.0|1.0|1.0|1.0|1.0|1.0|1.0|1.0|1.0|1.0|1.0|1.0|1.0|1.0|1.0|1.0|1.0|1.0|1.0|1.0|1.0|1.0|1.0|1.0|1.0|1.0|1.0|1.0|1.0|1.0|1.0|1.0|1.0|1.0|1.0|1.0|1.0|1.0|1.0|1.0|1.0|1.0|1.0|1.0|1.0|1.0|1.0|1.0
2025-04-07 12:08:27.881952|1999-01-07 15:00:00|159|1.0|1.0|1.0|1.0|1.0|1.0|1.0|1.0|1.0|1.0|1.0|1.0|1.0|1.0|1.0|1.0|1.0|1.0|1.0|1.0|1.0|1.0|1.0|1.0|1.0|1.0|1.0|1.0|1.0|1.0|1.0|1.0|1.0|1.0|1.0|1.0|1.0|1.0|1.0|1.0|1.0|1.0|1.0|1.0|1.0|1.0|1.0|1.0|1.0|1.0|1.0|1.0|1.0|1.0|1.0|1.0|1.0|1.0|1.0|1.0|1.0|1.0|1.0|1.0|1.0|1.0|1.0|1.0
2025-04-07 12:08:27.881952|1999-01-07 16:00:00|160|1.0|1.0|1.0|1.0|1.0|1.0|1.0|1.0|1.0|1.0|1.0|1.0|1.0|1.0|1.0|1.0|1.0|1.0|1.0|1.0|1.0|1.0|1.0|1.0|1.0|1.0|1.0|1.0|1.0|1.0|1.0|1.0|1.0|1.0|1.0|1.0|1.0|1.0|1.0|1.0|1.0|1.0|1.0|1.0|1.0|1.0|1.0|1.0|1.0|1.0|1.0|1.0|1.0|1.0|1.0|1.0|1.0|1.0|1.0|1.0|1.0|1.0|1.0|1.0|1.0|1.0|1.0|1.0
2025-04-07 12:08:27.881952|1999-01-07 17:00:00|161|1.0|1.0|1.0|1.0|1.0|1.0|1.0|1.0|1.0|1.0|1.0|1.0|1.0|1.0|1.0|1.0|1.0|1.0|1.0|1.0|1.0|1.0|1.0|1.0|1.0|1.0|1.0|1.0|1.0|1.0|1.0|1.0|1.0|1.0|1.0|1.0|1.0|1.0|1.0|1.0|1.0|1.0|1.0|1.0|1.0|1.0|1.0|1.0|1.0|1.0|1.0|1.0|1.0|1.0|1.0|1.0|1.0|1.0|1.0|1.0|1.0|1.0|1.0|1.0|1.0|1.0|1.0|1.0
2025-04-07 12:08:27.881952|1999-01-07 18:00:00|162|1.0|1.0|1.0|1.0|1.0|1.0|1.0|1.0|1.0|1.0|1.0|1.0|1.0|1.0|1.0|1.0|1.0|1.0|1.0|1.0|1.0|1.0|1.0|1.0|1.0|1.0|1.0|1.0|1.0|1.0|1.0|1.0|1.0|1.0|1.0|1.0|1.0|1.0|1.0|1.0|1.0|1.0|1.0|1.0|1.0|1.0|1.0|1.0|1.0|1.0|1.0|1.0|1.0|1.0|1.0|1.0|1.0|1.0|1.0|1.0|1.0|1.0|1.0|1.0|1.0|1.0|1.0|1.0
2025-04-07 12:08:27.882949|1999-01-07 19:00:00|163|1.0|1.0|1.0|1.0|1.0|1.0|1.0|1.0|1.0|1.0|1.0|1.0|1.0|1.0|1.0|1.0|1.0|1.0|1.0|1.0|1.0|1.0|1.0|1.0|1.0|1.0|1.0|1.0|1.0|1.0|1.0|1.0|1.0|1.0|1.0|1.0|1.0|1.0|1.0|1.0|1.0|1.0|1.0|1.0|1.0|1.0|1.0|1.0|1.0|1.0|1.0|1.0|1.0|1.0|1.0|1.0|1.0|1.0|1.0|1.0|1.0|1.0|1.0|1.0|1.0|1.0|1.0|1.0
2025-04-07 12:08:27.882949|1999-01-07 20:00:00|164|1.0|1.0|1.0|1.0|1.0|1.0|1.0|1.0|1.0|1.0|1.0|1.0|1.0|1.0|1.0|1.0|1.0|1.0|1.0|1.0|1.0|1.0|1.0|1.0|1.0|1.0|1.0|1.0|1.0|1.0|1.0|1.0|1.0|1.0|1.0|1.0|1.0|1.0|1.0|1.0|1.0|1.0|1.0|1.0|1.0|1.0|1.0|1.0|1.0|1.0|1.0|1.0|1.0|1.0|1.0|1.0|1.0|1.0|1.0|1.0|1.0|1.0|1.0|1.0|1.0|1.0|1.0|1.0
2025-04-07 12:08:27.882949|1999-01-07 21:00:00|165|1.0|1.0|1.0|1.0|1.0|1.0|1.0|1.0|1.0|1.0|1.0|1.0|1.0|1.0|1.0|1.0|1.0|1.0|1.0|1.0|1.0|1.0|1.0|1.0|1.0|1.0|1.0|1.0|1.0|1.0|1.0|1.0|1.0|1.0|1.0|1.0|1.0|1.0|1.0|1.0|1.0|1.0|1.0|1.0|1.0|1.0|1.0|1.0|1.0|1.0|1.0|1.0|1.0|1.0|1.0|1.0|1.0|1.0|1.0|1.0|1.0|1.0|1.0|1.0|1.0|1.0|1.0|1.0
2025-04-07 12:08:27.882949|1999-01-07 22:00:00|166|1.0|1.0|1.0|1.0|1.0|1.0|1.0|1.0|1.0|1.0|1.0|1.0|1.0|1.0|1.0|1.0|1.0|1.0|1.0|1.0|1.0|1.0|1.0|1.0|1.0|1.0|1.0|1.0|1.0|1.0|1.0|1.0|1.0|1.0|1.0|1.0|1.0|1.0|1.0|1.0|1.0|1.0|1.0|1.0|1.0|1.0|1.0|1.0|1.0|1.0|1.0|1.0|1.0|1.0|1.0|1.0|1.0|1.0|1.0|1.0|1.0|1.0|1.0|1.0|1.0|1.0|1.0|1.0
2025-04-07 12:08:27.882949|1999-01-07 23:00:00|167|1.0|1.0|1.0|1.0|1.0|1.0|1.0|1.0|1.0|1.0|1.0|1.0|1.0|1.0|1.0|1.0|1.0|1.0|1.0|1.0|1.0|1.0|1.0|1.0|1.0|1.0|1.0|1.0|1.0|1.0|1.0|1.0|1.0|1.0|1.0|1.0|1.0|1.0|1.0|1.0|1.0|1.0|1.0|1.0|1.0|1.0|1.0|1.0|1.0|1.0|1.0|1.0|1.0|1.0|1.0|1.0|1.0|1.0|1.0|1.0|1.0|1.0|1.0|1.0|1.0|1.0|1.0|1.0
2025-04-07 12:08:27.882949|1999-01-08 00:00:00|168|1.0|1.0|1.0|1.0|1.0|1.0|1.0|1.0|1.0|1.0|1.0|1.0|1.0|1.0|1.0|1.0|1.0|1.0|1.0|1.0|1.0|1.0|1.0|1.0|1.0|1.0|1.0|1.0|1.0|1.0|1.0|1.0|1.0|1.0|1.0|1.0|1.0|1.0|1.0|1.0|1.0|1.0|1.0|1.0|1.0|1.0|1.0|1.0|1.0|1.0|1.0|1.0|1.0|1.0|1.0|1.0|1.0|1.0|1.0|1.0|1.0|1.0|1.0|1.0|1.0|1.0|1.0|1.0
2025-04-07 12:08:27.883946|1999-01-08 01:00:00|169|1.0|1.0|1.0|1.0|1.0|1.0|1.0|1.0|1.0|1.0|1.0|1.0|1.0|1.0|1.0|1.0|1.0|1.0|1.0|1.0|1.0|1.0|1.0|1.0|1.0|1.0|1.0|1.0|1.0|1.0|1.0|1.0|1.0|1.0|1.0|1.0|1.0|1.0|1.0|1.0|1.0|1.0|1.0|1.0|1.0|1.0|1.0|1.0|1.0|1.0|1.0|1.0|1.0|1.0|1.0|1.0|1.0|1.0|1.0|1.0|1.0|1.0|1.0|1.0|1.0|1.0|1.0|1.0
2025-04-07 12:08:27.883946|1999-01-08 02:00:00|170|1.0|1.0|1.0|1.0|1.0|1.0|1.0|1.0|1.0|1.0|1.0|1.0|1.0|1.0|1.0|1.0|1.0|1.0|1.0|1.0|1.0|1.0|1.0|1.0|1.0|1.0|1.0|1.0|1.0|1.0|1.0|1.0|1.0|1.0|1.0|1.0|1.0|1.0|1.0|1.0|1.0|1.0|1.0|1.0|1.0|1.0|1.0|1.0|1.0|1.0|1.0|1.0|1.0|1.0|1.0|1.0|1.0|1.0|1.0|1.0|1.0|1.0|1.0|1.0|1.0|1.0|1.0|1.0
2025-04-07 12:08:27.883946|1999-01-08 03:00:00|171|1.0|1.0|1.0|1.0|1.0|1.0|1.0|1.0|1.0|1.0|1.0|1.0|1.0|1.0|1.0|1.0|1.0|1.0|1.0|1.0|1.0|1.0|1.0|1.0|1.0|1.0|1.0|1.0|1.0|1.0|1.0|1.0|1.0|1.0|1.0|1.0|1.0|1.0|1.0|1.0|1.0|1.0|1.0|1.0|1.0|1.0|1.0|1.0|1.0|1.0|1.0|1.0|1.0|1.0|1.0|1.0|1.0|1.0|1.0|1.0|1.0|1.0|1.0|1.0|1.0|1.0|1.0|1.0
2025-04-07 12:08:27.883946|1999-01-08 04:00:00|172|1.0|1.0|1.0|1.0|1.0|1.0|1.0|1.0|1.0|1.0|1.0|1.0|1.0|1.0|1.0|1.0|1.0|1.0|1.0|1.0|1.0|1.0|1.0|1.0|1.0|1.0|1.0|1.0|1.0|1.0|1.0|1.0|1.0|1.0|1.0|1.0|1.0|1.0|1.0|1.0|1.0|1.0|1.0|1.0|1.0|1.0|1.0|1.0|1.0|1.0|1.0|1.0|1.0|1.0|1.0|1.0|1.0|1.0|1.0|1.0|1.0|1.0|1.0|1.0|1.0|1.0|1.0|1.0
2025-04-07 12:08:27.883946|1999-01-08 05:00:00|173|1.0|1.0|1.0|1.0|1.0|1.0|1.0|1.0|1.0|1.0|1.0|1.0|1.0|1.0|1.0|1.0|1.0|1.0|1.0|1.0|1.0|1.0|1.0|1.0|1.0|1.0|1.0|1.0|1.0|1.0|1.0|1.0|1.0|1.0|1.0|1.0|1.0|1.0|1.0|1.0|1.0|1.0|1.0|1.0|1.0|1.0|1.0|1.0|1.0|1.0|1.0|1.0|1.0|1.0|1.0|1.0|1.0|1.0|1.0|1.0|1.0|1.0|1.0|1.0|1.0|1.0|1.0|1.0
2025-04-07 12:08:27.883946|1999-01-08 06:00:00|174|1.0|1.0|1.0|1.0|1.0|1.0|1.0|1.0|1.0|1.0|1.0|1.0|1.0|1.0|1.0|1.0|1.0|1.0|1.0|1.0|1.0|1.0|1.0|1.0|1.0|1.0|1.0|1.0|1.0|1.0|1.0|1.0|1.0|1.0|1.0|1.0|1.0|1.0|1.0|1.0|1.0|1.0|1.0|1.0|1.0|1.0|1.0|1.0|1.0|1.0|1.0|1.0|1.0|1.0|1.0|1.0|1.0|1.0|1.0|1.0|1.0|1.0|1.0|1.0|1.0|1.0|1.0|1.0
2025-04-07 12:08:27.884943|1999-01-08 07:00:00|175|1.0|1.0|1.0|1.0|1.0|1.0|1.0|1.0|1.0|1.0|1.0|1.0|1.0|1.0|1.0|1.0|1.0|1.0|1.0|1.0|1.0|1.0|1.0|1.0|1.0|1.0|1.0|1.0|1.0|1.0|1.0|1.0|1.0|1.0|1.0|1.0|1.0|1.0|1.0|1.0|1.0|1.0|1.0|1.0|1.0|1.0|1.0|1.0|1.0|1.0|1.0|1.0|1.0|1.0|1.0|1.0|1.0|1.0|1.0|1.0|1.0|1.0|1.0|1.0|1.0|1.0|1.0|1.0
2025-04-07 12:08:27.884943|1999-01-08 08:00:00|176|1.0|1.0|1.0|1.0|1.0|1.0|1.0|1.0|1.0|1.0|1.0|1.0|1.0|1.0|1.0|1.0|1.0|1.0|1.0|1.0|1.0|1.0|1.0|1.0|1.0|1.0|1.0|1.0|1.0|1.0|1.0|1.0|1.0|1.0|1.0|1.0|1.0|1.0|1.0|1.0|1.0|1.0|1.0|1.0|1.0|1.0|1.0|1.0|1.0|1.0|1.0|1.0|1.0|1.0|1.0|1.0|1.0|1.0|1.0|1.0|1.0|1.0|1.0|1.0|1.0|1.0|1.0|1.0
2025-04-07 12:08:27.884943|1999-01-08 09:00:00|177|1.0|1.0|1.0|1.0|1.0|1.0|1.0|1.0|1.0|1.0|1.0|1.0|1.0|1.0|1.0|1.0|1.0|1.0|1.0|1.0|1.0|1.0|1.0|1.0|1.0|1.0|1.0|1.0|1.0|1.0|1.0|1.0|1.0|1.0|1.0|1.0|1.0|1.0|1.0|1.0|1.0|1.0|1.0|1.0|1.0|1.0|1.0|1.0|1.0|1.0|1.0|1.0|1.0|1.0|1.0|1.0|1.0|1.0|1.0|1.0|1.0|1.0|1.0|1.0|1.0|1.0|1.0|1.0
2025-04-07 12:08:27.884943|1999-01-08 10:00:00|178|1.0|1.0|1.0|1.0|1.0|1.0|1.0|1.0|1.0|1.0|1.0|1.0|1.0|1.0|1.0|1.0|1.0|1.0|1.0|1.0|1.0|1.0|1.0|1.0|1.0|1.0|1.0|1.0|1.0|1.0|1.0|1.0|1.0|1.0|1.0|1.0|1.0|1.0|1.0|1.0|1.0|1.0|1.0|1.0|1.0|1.0|1.0|1.0|1.0|1.0|1.0|1.0|1.0|1.0|1.0|1.0|1.0|1.0|1.0|1.0|1.0|1.0|1.0|1.0|1.0|1.0|1.0|1.0
2025-04-07 12:08:27.884943|1999-01-08 11:00:00|179|1.0|1.0|1.0|1.0|1.0|1.0|1.0|1.0|1.0|1.0|1.0|1.0|1.0|1.0|1.0|1.0|1.0|1.0|1.0|1.0|1.0|1.0|1.0|1.0|1.0|1.0|1.0|1.0|1.0|1.0|1.0|1.0|1.0|1.0|1.0|1.0|1.0|1.0|1.0|1.0|1.0|1.0|1.0|1.0|1.0|1.0|1.0|1.0|1.0|1.0|1.0|1.0|1.0|1.0|1.0|1.0|1.0|1.0|1.0|1.0|1.0|1.0|1.0|1.0|1.0|1.0|1.0|1.0
2025-04-07 12:08:27.884943|1999-01-08 12:00:00|180|1.0|1.0|1.0|1.0|1.0|1.0|1.0|1.0|1.0|1.0|1.0|1.0|1.0|1.0|1.0|1.0|1.0|1.0|1.0|1.0|1.0|1.0|1.0|1.0|1.0|1.0|1.0|1.0|1.0|1.0|1.0|1.0|1.0|1.0|1.0|1.0|1.0|1.0|1.0|1.0|1.0|1.0|1.0|1.0|1.0|1.0|1.0|1.0|1.0|1.0|1.0|1.0|1.0|1.0|1.0|1.0|1.0|1.0|1.0|1.0|1.0|1.0|1.0|1.0|1.0|1.0|1.0|1.0
2025-04-07 12:08:27.885939|1999-01-08 13:00:00|181|1.0|1.0|1.0|1.0|1.0|1.0|1.0|1.0|1.0|1.0|1.0|1.0|1.0|1.0|1.0|1.0|1.0|1.0|1.0|1.0|1.0|1.0|1.0|1.0|1.0|1.0|1.0|1.0|1.0|1.0|1.0|1.0|1.0|1.0|1.0|1.0|1.0|1.0|1.0|1.0|1.0|1.0|1.0|1.0|1.0|1.0|1.0|1.0|1.0|1.0|1.0|1.0|1.0|1.0|1.0|1.0|1.0|1.0|1.0|1.0|1.0|1.0|1.0|1.0|1.0|1.0|1.0|1.0
2025-04-07 12:08:27.885939|1999-01-08 14:00:00|182|1.0|1.0|1.0|1.0|1.0|1.0|1.0|1.0|1.0|1.0|1.0|1.0|1.0|1.0|1.0|1.0|1.0|1.0|1.0|1.0|1.0|1.0|1.0|1.0|1.0|1.0|1.0|1.0|1.0|1.0|1.0|1.0|1.0|1.0|1.0|1.0|1.0|1.0|1.0|1.0|1.0|1.0|1.0|1.0|1.0|1.0|1.0|1.0|1.0|1.0|1.0|1.0|1.0|1.0|1.0|1.0|1.0|1.0|1.0|1.0|1.0|1.0|1.0|1.0|1.0|1.0|1.0|1.0
2025-04-07 12:08:27.885939|1999-01-08 15:00:00|183|1.0|1.0|1.0|1.0|1.0|1.0|1.0|1.0|1.0|1.0|1.0|1.0|1.0|1.0|1.0|1.0|1.0|1.0|1.0|1.0|1.0|1.0|1.0|1.0|1.0|1.0|1.0|1.0|1.0|1.0|1.0|1.0|1.0|1.0|1.0|1.0|1.0|1.0|1.0|1.0|1.0|1.0|1.0|1.0|1.0|1.0|1.0|1.0|1.0|1.0|1.0|1.0|1.0|1.0|1.0|1.0|1.0|1.0|1.0|1.0|1.0|1.0|1.0|1.0|1.0|1.0|1.0|1.0
2025-04-07 12:08:27.885939|1999-01-08 16:00:00|184|1.0|1.0|1.0|1.0|1.0|1.0|1.0|1.0|1.0|1.0|1.0|1.0|1.0|1.0|1.0|1.0|1.0|1.0|1.0|1.0|1.0|1.0|1.0|1.0|1.0|1.0|1.0|1.0|1.0|1.0|1.0|1.0|1.0|1.0|1.0|1.0|1.0|1.0|1.0|1.0|1.0|1.0|1.0|1.0|1.0|1.0|1.0|1.0|1.0|1.0|1.0|1.0|1.0|1.0|1.0|1.0|1.0|1.0|1.0|1.0|1.0|1.0|1.0|1.0|1.0|1.0|1.0|1.0
2025-04-07 12:08:27.885939|1999-01-08 17:00:00|185|1.0|1.0|1.0|1.0|1.0|1.0|1.0|1.0|1.0|1.0|1.0|1.0|1.0|1.0|1.0|1.0|1.0|1.0|1.0|1.0|1.0|1.0|1.0|1.0|1.0|1.0|1.0|1.0|1.0|1.0|1.0|1.0|1.0|1.0|1.0|1.0|1.0|1.0|1.0|1.0|1.0|1.0|1.0|1.0|1.0|1.0|1.0|1.0|1.0|1.0|1.0|1.0|1.0|1.0|1.0|1.0|1.0|1.0|1.0|1.0|1.0|1.0|1.0|1.0|1.0|1.0|1.0|1.0
2025-04-07 12:08:27.885939|1999-01-08 18:00:00|186|1.0|1.0|1.0|1.0|1.0|1.0|1.0|1.0|1.0|1.0|1.0|1.0|1.0|1.0|1.0|1.0|1.0|1.0|1.0|1.0|1.0|1.0|1.0|1.0|1.0|1.0|1.0|1.0|1.0|1.0|1.0|1.0|1.0|1.0|1.0|1.0|1.0|1.0|1.0|1.0|1.0|1.0|1.0|1.0|1.0|1.0|1.0|1.0|1.0|1.0|1.0|1.0|1.0|1.0|1.0|1.0|1.0|1.0|1.0|1.0|1.0|1.0|1.0|1.0|1.0|1.0|1.0|1.0
2025-04-07 12:08:27.886936|1999-01-08 19:00:00|187|1.0|1.0|1.0|1.0|1.0|1.0|1.0|1.0|1.0|1.0|1.0|1.0|1.0|1.0|1.0|1.0|1.0|1.0|1.0|1.0|1.0|1.0|1.0|1.0|1.0|1.0|1.0|1.0|1.0|1.0|1.0|1.0|1.0|1.0|1.0|1.0|1.0|1.0|1.0|1.0|1.0|1.0|1.0|1.0|1.0|1.0|1.0|1.0|1.0|1.0|1.0|1.0|1.0|1.0|1.0|1.0|1.0|1.0|1.0|1.0|1.0|1.0|1.0|1.0|1.0|1.0|1.0|1.0
2025-04-07 12:08:27.886936|1999-01-08 20:00:00|188|1.0|1.0|1.0|1.0|1.0|1.0|1.0|1.0|1.0|1.0|1.0|1.0|1.0|1.0|1.0|1.0|1.0|1.0|1.0|1.0|1.0|1.0|1.0|1.0|1.0|1.0|1.0|1.0|1.0|1.0|1.0|1.0|1.0|1.0|1.0|1.0|1.0|1.0|1.0|1.0|1.0|1.0|1.0|1.0|1.0|1.0|1.0|1.0|1.0|1.0|1.0|1.0|1.0|1.0|1.0|1.0|1.0|1.0|1.0|1.0|1.0|1.0|1.0|1.0|1.0|1.0|1.0|1.0
2025-04-07 12:08:27.886936|1999-01-08 21:00:00|189|1.0|1.0|1.0|1.0|1.0|1.0|1.0|1.0|1.0|1.0|1.0|1.0|1.0|1.0|1.0|1.0|1.0|1.0|1.0|1.0|1.0|1.0|1.0|1.0|1.0|1.0|1.0|1.0|1.0|1.0|1.0|1.0|1.0|1.0|1.0|1.0|1.0|1.0|1.0|1.0|1.0|1.0|1.0|1.0|1.0|1.0|1.0|1.0|1.0|1.0|1.0|1.0|1.0|1.0|1.0|1.0|1.0|1.0|1.0|1.0|1.0|1.0|1.0|1.0|1.0|1.0|1.0|1.0
2025-04-07 12:08:27.886936|1999-01-08 22:00:00|190|1.0|1.0|1.0|1.0|1.0|1.0|1.0|1.0|1.0|1.0|1.0|1.0|1.0|1.0|1.0|1.0|1.0|1.0|1.0|1.0|1.0|1.0|1.0|1.0|1.0|1.0|1.0|1.0|1.0|1.0|1.0|1.0|1.0|1.0|1.0|1.0|1.0|1.0|1.0|1.0|1.0|1.0|1.0|1.0|1.0|1.0|1.0|1.0|1.0|1.0|1.0|1.0|1.0|1.0|1.0|1.0|1.0|1.0|1.0|1.0|1.0|1.0|1.0|1.0|1.0|1.0|1.0|1.0
2025-04-07 12:08:27.886936|1999-01-08 23:00:00|191|1.0|1.0|1.0|1.0|1.0|1.0|1.0|1.0|1.0|1.0|1.0|1.0|1.0|1.0|1.0|1.0|1.0|1.0|1.0|1.0|1.0|1.0|1.0|1.0|1.0|1.0|1.0|1.0|1.0|1.0|1.0|1.0|1.0|1.0|1.0|1.0|1.0|1.0|1.0|1.0|1.0|1.0|1.0|1.0|1.0|1.0|1.0|1.0|1.0|1.0|1.0|1.0|1.0|1.0|1.0|1.0|1.0|1.0|1.0|1.0|1.0|1.0|1.0|1.0|1.0|1.0|1.0|1.0
2025-04-07 12:08:27.886936|1999-01-09 00:00:00|192|1.0|1.0|1.0|1.0|1.0|1.0|1.0|1.0|1.0|1.0|1.0|1.0|1.0|1.0|1.0|1.0|1.0|1.0|1.0|1.0|1.0|1.0|1.0|1.0|1.0|1.0|1.0|1.0|1.0|1.0|1.0|1.0|1.0|1.0|1.0|1.0|1.0|1.0|1.0|1.0|1.0|1.0|1.0|1.0|1.0|1.0|1.0|1.0|1.0|1.0|1.0|1.0|1.0|1.0|1.0|1.0|1.0|1.0|1.0|1.0|1.0|1.0|1.0|1.0|1.0|1.0|1.0|1.0
2025-04-07 12:08:27.887927|1999-01-09 01:00:00|193|1.0|1.0|1.0|1.0|1.0|1.0|1.0|1.0|1.0|1.0|1.0|1.0|1.0|1.0|1.0|1.0|1.0|1.0|1.0|1.0|1.0|1.0|1.0|1.0|1.0|1.0|1.0|1.0|1.0|1.0|1.0|1.0|1.0|1.0|1.0|1.0|1.0|1.0|1.0|1.0|1.0|1.0|1.0|1.0|1.0|1.0|1.0|1.0|1.0|1.0|1.0|1.0|1.0|1.0|1.0|1.0|1.0|1.0|1.0|1.0|1.0|1.0|1.0|1.0|1.0|1.0|1.0|1.0
2025-04-07 12:08:27.887927|1999-01-09 02:00:00|194|1.0|1.0|1.0|1.0|1.0|1.0|1.0|1.0|1.0|1.0|1.0|1.0|1.0|1.0|1.0|1.0|1.0|1.0|1.0|1.0|1.0|1.0|1.0|1.0|1.0|1.0|1.0|1.0|1.0|1.0|1.0|1.0|1.0|1.0|1.0|1.0|1.0|1.0|1.0|1.0|1.0|1.0|1.0|1.0|1.0|1.0|1.0|1.0|1.0|1.0|1.0|1.0|1.0|1.0|1.0|1.0|1.0|1.0|1.0|1.0|1.0|1.0|1.0|1.0|1.0|1.0|1.0|1.0
2025-04-07 12:08:27.887927|1999-01-09 03:00:00|195|1.0|1.0|1.0|1.0|1.0|1.0|1.0|1.0|1.0|1.0|1.0|1.0|1.0|1.0|1.0|1.0|1.0|1.0|1.0|1.0|1.0|1.0|1.0|1.0|1.0|1.0|1.0|1.0|1.0|1.0|1.0|1.0|1.0|1.0|1.0|1.0|1.0|1.0|1.0|1.0|1.0|1.0|1.0|1.0|1.0|1.0|1.0|1.0|1.0|1.0|1.0|1.0|1.0|1.0|1.0|1.0|1.0|1.0|1.0|1.0|1.0|1.0|1.0|1.0|1.0|1.0|1.0|1.0
2025-04-07 12:08:27.887927|1999-01-09 04:00:00|196|1.0|1.0|1.0|1.0|1.0|1.0|1.0|1.0|1.0|1.0|1.0|1.0|1.0|1.0|1.0|1.0|1.0|1.0|1.0|1.0|1.0|1.0|1.0|1.0|1.0|1.0|1.0|1.0|1.0|1.0|1.0|1.0|1.0|1.0|1.0|1.0|1.0|1.0|1.0|1.0|1.0|1.0|1.0|1.0|1.0|1.0|1.0|1.0|1.0|1.0|1.0|1.0|1.0|1.0|1.0|1.0|1.0|1.0|1.0|1.0|1.0|1.0|1.0|1.0|1.0|1.0|1.0|1.0
2025-04-07 12:08:27.888924|1999-01-09 05:00:00|197|1.0|1.0|1.0|1.0|1.0|1.0|1.0|1.0|1.0|1.0|1.0|1.0|1.0|1.0|1.0|1.0|1.0|1.0|1.0|1.0|1.0|1.0|1.0|1.0|1.0|1.0|1.0|1.0|1.0|1.0|1.0|1.0|1.0|1.0|1.0|1.0|1.0|1.0|1.0|1.0|1.0|1.0|1.0|1.0|1.0|1.0|1.0|1.0|1.0|1.0|1.0|1.0|1.0|1.0|1.0|1.0|1.0|1.0|1.0|1.0|1.0|1.0|1.0|1.0|1.0|1.0|1.0|1.0
