datetime|env_datetime|env_time|agent|action|reason|additional|system_id|system_name|part_id|part_name|system_operating_level|part_operating_level|duration|distance_km|request_id|location|materials_cost|hourly_labor_cost|salary_labor_cost|total_labor_cost|equipment_cost|total_cost
2025-04-07 12:08:14.489390|1999-01-01 00:00:00|0|B6|subassemblies created: ['electrical_system', 'hydraulic_system', 'yaw_system', 'rotor_blades', 'generator', 'supporting_structure', 'drive_train']|windfarm initialization|initialization|B6|B6|||1.0|1|0|0|na|na|0|0|0|0|0|0
2025-04-07 12:08:14.516789|1999-01-01 00:00:00|0|B5|subassemblies created: ['electrical_system', 'hydraulic_system', 'yaw_system', 'rotor_blades', 'generator', 'supporting_structure', 'drive_train']|windfarm initialization|initialization|B5|B5|||1.0|1|0|0|na|na|0|0|0|0|0|0
2025-04-07 12:08:14.543028|1999-01-01 00:00:00|0|C5|subassemblies created: ['electrical_system', 'hydraulic_system', 'yaw_system', 'rotor_blades', 'generator', 'supporting_structure', 'drive_train']|windfarm initialization|initialization|C5|C5|||1.0|1|0|0|na|na|0|0|0|0|0|0
2025-04-07 12:08:14.568533|1999-01-01 00:00:00|0|E4|subassemblies created: ['electrical_system', 'hydraulic_system', 'yaw_system', 'rotor_blades', 'generator', 'supporting_structure', 'drive_train']|windfarm initialization|initialization|E4|E4|||1.0|1|0|0|na|na|0|0|0|0|0|0
2025-04-07 12:08:14.595060|1999-01-01 00:00:00|0|A6|subassemblies created: ['electrical_system', 'hydraulic_system', 'yaw_system', 'rotor_blades', 'generator', 'supporting_structure', 'drive_train']|windfarm initialization|initialization|A6|A6|||1.0|1|0|0|na|na|0|0|0|0|0|0
2025-04-07 12:08:14.629454|1999-01-01 00:00:00|0|A5|subassemblies created: ['electrical_system', 'hydraulic_system', 'yaw_system', 'rotor_blades', 'generator', 'supporting_structure', 'drive_train']|windfarm initialization|initialization|A5|A5|||1.0|1|0|0|na|na|0|0|0|0|0|0
2025-04-07 12:08:14.655672|1999-01-01 00:00:00|0|D4|subassemblies created: ['electrical_system', 'hydraulic_system', 'yaw_system', 'rotor_blades', 'generator', 'supporting_structure', 'drive_train']|windfarm initialization|initialization|D4|D4|||1.0|1|0|0|na|na|0|0|0|0|0|0
2025-04-07 12:08:14.690603|1999-01-01 00:00:00|0|F3|subassemblies created: ['electrical_system', 'hydraulic_system', 'yaw_system', 'rotor_blades', 'generator', 'supporting_structure', 'drive_train']|windfarm initialization|initialization|F3|F3|||1.0|1|0|0|na|na|0|0|0|0|0|0
2025-04-07 12:08:14.719867|1999-01-01 00:00:00|0|F2|subassemblies created: ['electrical_system', 'hydraulic_system', 'yaw_system', 'rotor_blades', 'generator', 'supporting_structure', 'drive_train']|windfarm initialization|initialization|F2|F2|||1.0|1|0|0|na|na|0|0|0|0|0|0
2025-04-07 12:08:14.745505|1999-01-01 00:00:00|0|a|subassemblies created: ['electrical_system', 'hydraulic_system', 'yaw_system', 'rotor_blades', 'generator', 'supporting_structure', 'drive_train']|windfarm initialization|initialization|a|a|||1.0|1|0|0|na|na|0|0|0|0|0|0
2025-04-07 12:08:14.771749|1999-01-01 00:00:00|0|C4|subassemblies created: ['electrical_system', 'hydraulic_system', 'yaw_system', 'rotor_blades', 'generator', 'supporting_structure', 'drive_train']|windfarm initialization|initialization|C4|C4|||1.0|1|0|0|na|na|0|0|0|0|0|0
2025-04-07 12:08:14.798407|1999-01-01 00:00:00|0|E3|subassemblies created: ['electrical_system', 'hydraulic_system', 'yaw_system', 'rotor_blades', 'generator', 'supporting_structure', 'drive_train']|windfarm initialization|initialization|E3|E3|||1.0|1|0|0|na|na|0|0|0|0|0|0
2025-04-07 12:08:14.825213|1999-01-01 00:00:00|0|E2|subassemblies created: ['electrical_system', 'hydraulic_system', 'yaw_system', 'rotor_blades', 'generator', 'supporting_structure', 'drive_train']|windfarm initialization|initialization|E2|E2|||1.0|1|0|0|na|na|0|0|0|0|0|0
2025-04-07 12:08:14.854112|1999-01-01 00:00:00|0|G1|subassemblies created: ['electrical_system', 'hydraulic_system', 'yaw_system', 'rotor_blades', 'generator', 'supporting_structure', 'drive_train']|windfarm initialization|initialization|G1|G1|||1.0|1|0|0|na|na|0|0|0|0|0|0
2025-04-07 12:08:14.884623|1999-01-01 00:00:00|0|i2|subassemblies created: ['electrical_system', 'hydraulic_system', 'yaw_system', 'rotor_blades', 'generator', 'supporting_structure', 'drive_train']|windfarm initialization|initialization|i2|i2|||1.0|1|0|0|na|na|0|0|0|0|0|0
2025-04-07 12:08:14.910947|1999-01-01 00:00:00|0|s6|subassemblies created: ['electrical_system', 'hydraulic_system', 'yaw_system', 'rotor_blades', 'generator', 'supporting_structure', 'drive_train']|windfarm initialization|initialization|s6|s6|||1.0|1|0|0|na|na|0|0|0|0|0|0
2025-04-07 12:08:14.938880|1999-01-01 00:00:00|0|q5|subassemblies created: ['electrical_system', 'hydraulic_system', 'yaw_system', 'rotor_blades', 'generator', 'supporting_structure', 'drive_train']|windfarm initialization|initialization|q5|q5|||1.0|1|0|0|na|na|0|0|0|0|0|0
2025-04-07 12:08:14.970277|1999-01-01 00:00:00|0|G6|subassemblies created: ['electrical_system', 'hydraulic_system', 'yaw_system', 'rotor_blades', 'generator', 'supporting_structure', 'drive_train']|windfarm initialization|initialization|G6|G6|||1.0|1|0|0|na|na|0|0|0|0|0|0
2025-04-07 12:08:15.000437|1999-01-01 00:00:00|0|B4|subassemblies created: ['electrical_system', 'hydraulic_system', 'yaw_system', 'rotor_blades', 'generator', 'supporting_structure', 'drive_train']|windfarm initialization|initialization|B4|B4|||1.0|1|0|0|na|na|0|0|0|0|0|0
2025-04-07 12:08:15.028466|1999-01-01 00:00:00|0|D3|subassemblies created: ['electrical_system', 'hydraulic_system', 'yaw_system', 'rotor_blades', 'generator', 'supporting_structure', 'drive_train']|windfarm initialization|initialization|D3|D3|||1.0|1|0|0|na|na|0|0|0|0|0|0
2025-04-07 12:08:15.055885|1999-01-01 00:00:00|0|D2|subassemblies created: ['electrical_system', 'hydraulic_system', 'yaw_system', 'rotor_blades', 'generator', 'supporting_structure', 'drive_train']|windfarm initialization|initialization|D2|D2|||1.0|1|0|0|na|na|0|0|0|0|0|0
2025-04-07 12:08:15.092335|1999-01-01 00:00:00|0|F1|subassemblies created: ['electrical_system', 'hydraulic_system', 'yaw_system', 'rotor_blades', 'generator', 'supporting_structure', 'drive_train']|windfarm initialization|initialization|F1|F1|||1.0|1|0|0|na|na|0|0|0|0|0|0
2025-04-07 12:08:15.118088|1999-01-01 00:00:00|0|s1|subassemblies created: ['electrical_system', 'hydraulic_system', 'yaw_system', 'rotor_blades', 'generator', 'supporting_structure', 'drive_train']|windfarm initialization|initialization|s1|s1|||1.0|1|0|0|na|na|0|0|0|0|0|0
2025-04-07 12:08:15.142468|1999-01-01 00:00:00|0|y4|subassemblies created: ['electrical_system', 'hydraulic_system', 'yaw_system', 'rotor_blades', 'generator', 'supporting_structure', 'drive_train']|windfarm initialization|initialization|y4|y4|||1.0|1|0|0|na|na|0|0|0|0|0|0
2025-04-07 12:08:15.167963|1999-01-01 00:00:00|0|p4|subassemblies created: ['electrical_system', 'hydraulic_system', 'yaw_system', 'rotor_blades', 'generator', 'supporting_structure', 'drive_train']|windfarm initialization|initialization|p4|p4|||1.0|1|0|0|na|na|0|0|0|0|0|0
2025-04-07 12:08:15.193273|1999-01-01 00:00:00|0|G7|subassemblies created: ['electrical_system', 'hydraulic_system', 'yaw_system', 'rotor_blades', 'generator', 'supporting_structure', 'drive_train']|windfarm initialization|initialization|G7|G7|||1.0|1|0|0|na|na|0|0|0|0|0|0
2025-04-07 12:08:15.219593|1999-01-01 00:00:00|0|F6|subassemblies created: ['electrical_system', 'hydraulic_system', 'yaw_system', 'rotor_blades', 'generator', 'supporting_structure', 'drive_train']|windfarm initialization|initialization|F6|F6|||1.0|1|0|0|na|na|0|0|0|0|0|0
2025-04-07 12:08:15.245221|1999-01-01 00:00:00|0|A4|subassemblies created: ['electrical_system', 'hydraulic_system', 'yaw_system', 'rotor_blades', 'generator', 'supporting_structure', 'drive_train']|windfarm initialization|initialization|A4|A4|||1.0|1|0|0|na|na|0|0|0|0|0|0
2025-04-07 12:08:15.270375|1999-01-01 00:00:00|0|C3|subassemblies created: ['electrical_system', 'hydraulic_system', 'yaw_system', 'rotor_blades', 'generator', 'supporting_structure', 'drive_train']|windfarm initialization|initialization|C3|C3|||1.0|1|0|0|na|na|0|0|0|0|0|0
2025-04-07 12:08:15.302008|1999-01-01 00:00:00|0|C2|subassemblies created: ['electrical_system', 'hydraulic_system', 'yaw_system', 'rotor_blades', 'generator', 'supporting_structure', 'drive_train']|windfarm initialization|initialization|C2|C2|||1.0|1|0|0|na|na|0|0|0|0|0|0
2025-04-07 12:08:15.335791|1999-01-01 00:00:00|0|E1|subassemblies created: ['electrical_system', 'hydraulic_system', 'yaw_system', 'rotor_blades', 'generator', 'supporting_structure', 'drive_train']|windfarm initialization|initialization|E1|E1|||1.0|1|0|0|na|na|0|0|0|0|0|0
2025-04-07 12:08:15.370622|1999-01-01 00:00:00|0|g|subassemblies created: ['electrical_system', 'hydraulic_system', 'yaw_system', 'rotor_blades', 'generator', 'supporting_structure', 'drive_train']|windfarm initialization|initialization|g|g|||1.0|1|0|0|na|na|0|0|0|0|0|0
2025-04-07 12:08:15.399983|1999-01-01 00:00:00|0|w3|subassemblies created: ['electrical_system', 'hydraulic_system', 'yaw_system', 'rotor_blades', 'generator', 'supporting_structure', 'drive_train']|windfarm initialization|initialization|w3|w3|||1.0|1|0|0|na|na|0|0|0|0|0|0
2025-04-07 12:08:15.435222|1999-01-01 00:00:00|0|r2|subassemblies created: ['electrical_system', 'hydraulic_system', 'yaw_system', 'rotor_blades', 'generator', 'supporting_structure', 'drive_train']|windfarm initialization|initialization|r2|r2|||1.0|1|0|0|na|na|0|0|0|0|0|0
2025-04-07 12:08:15.464697|1999-01-01 00:00:00|0|F7|subassemblies created: ['electrical_system', 'hydraulic_system', 'yaw_system', 'rotor_blades', 'generator', 'supporting_structure', 'drive_train']|windfarm initialization|initialization|F7|F7|||1.0|1|0|0|na|na|0|0|0|0|0|0
2025-04-07 12:08:15.495274|1999-01-01 00:00:00|0|E6|subassemblies created: ['electrical_system', 'hydraulic_system', 'yaw_system', 'rotor_blades', 'generator', 'supporting_structure', 'drive_train']|windfarm initialization|initialization|E6|E6|||1.0|1|0|0|na|na|0|0|0|0|0|0
2025-04-07 12:08:15.520269|1999-01-01 00:00:00|0|G5|subassemblies created: ['electrical_system', 'hydraulic_system', 'yaw_system', 'rotor_blades', 'generator', 'supporting_structure', 'drive_train']|windfarm initialization|initialization|G5|G5|||1.0|1|0|0|na|na|0|0|0|0|0|0
2025-04-07 12:08:15.544848|1999-01-01 00:00:00|0|B3|subassemblies created: ['electrical_system', 'hydraulic_system', 'yaw_system', 'rotor_blades', 'generator', 'supporting_structure', 'drive_train']|windfarm initialization|initialization|B3|B3|||1.0|1|0|0|na|na|0|0|0|0|0|0
2025-04-07 12:08:15.572009|1999-01-01 00:00:00|0|B2|subassemblies created: ['electrical_system', 'hydraulic_system', 'yaw_system', 'rotor_blades', 'generator', 'supporting_structure', 'drive_train']|windfarm initialization|initialization|B2|B2|||1.0|1|0|0|na|na|0|0|0|0|0|0
2025-04-07 12:08:15.609566|1999-01-01 00:00:00|0|D1|subassemblies created: ['electrical_system', 'hydraulic_system', 'yaw_system', 'rotor_blades', 'generator', 'supporting_structure', 'drive_train']|windfarm initialization|initialization|D1|D1|||1.0|1|0|0|na|na|0|0|0|0|0|0
2025-04-07 12:08:15.649266|1999-01-01 00:00:00|0|f|subassemblies created: ['electrical_system', 'hydraulic_system', 'yaw_system', 'rotor_blades', 'generator', 'supporting_structure', 'drive_train']|windfarm initialization|initialization|f|f|||1.0|1|0|0|na|na|0|0|0|0|0|0
2025-04-07 12:08:15.680344|1999-01-01 00:00:00|0|z2|subassemblies created: ['electrical_system', 'hydraulic_system', 'yaw_system', 'rotor_blades', 'generator', 'supporting_structure', 'drive_train']|windfarm initialization|initialization|z2|z2|||1.0|1|0|0|na|na|0|0|0|0|0|0
2025-04-07 12:08:15.711625|1999-01-01 00:00:00|0|C7|subassemblies created: ['electrical_system', 'hydraulic_system', 'yaw_system', 'rotor_blades', 'generator', 'supporting_structure', 'drive_train']|windfarm initialization|initialization|C7|C7|||1.0|1|0|0|na|na|0|0|0|0|0|0
2025-04-07 12:08:15.742422|1999-01-01 00:00:00|0|E7|subassemblies created: ['electrical_system', 'hydraulic_system', 'yaw_system', 'rotor_blades', 'generator', 'supporting_structure', 'drive_train']|windfarm initialization|initialization|E7|E7|||1.0|1|0|0|na|na|0|0|0|0|0|0
2025-04-07 12:08:15.770771|1999-01-01 00:00:00|0|D6|subassemblies created: ['electrical_system', 'hydraulic_system', 'yaw_system', 'rotor_blades', 'generator', 'supporting_structure', 'drive_train']|windfarm initialization|initialization|D6|D6|||1.0|1|0|0|na|na|0|0|0|0|0|0
2025-04-07 12:08:15.809500|1999-01-01 00:00:00|0|F5|subassemblies created: ['electrical_system', 'hydraulic_system', 'yaw_system', 'rotor_blades', 'generator', 'supporting_structure', 'drive_train']|windfarm initialization|initialization|F5|F5|||1.0|1|0|0|na|na|0|0|0|0|0|0
2025-04-07 12:08:15.849536|1999-01-01 00:00:00|0|A3|subassemblies created: ['electrical_system', 'hydraulic_system', 'yaw_system', 'rotor_blades', 'generator', 'supporting_structure', 'drive_train']|windfarm initialization|initialization|A3|A3|||1.0|1|0|0|na|na|0|0|0|0|0|0
2025-04-07 12:08:15.900165|1999-01-01 00:00:00|0|A2|subassemblies created: ['electrical_system', 'hydraulic_system', 'yaw_system', 'rotor_blades', 'generator', 'supporting_structure', 'drive_train']|windfarm initialization|initialization|A2|A2|||1.0|1|0|0|na|na|0|0|0|0|0|0
2025-04-07 12:08:15.941976|1999-01-01 00:00:00|0|C1|subassemblies created: ['electrical_system', 'hydraulic_system', 'yaw_system', 'rotor_blades', 'generator', 'supporting_structure', 'drive_train']|windfarm initialization|initialization|C1|C1|||1.0|1|0|0|na|na|0|0|0|0|0|0
2025-04-07 12:08:15.980382|1999-01-01 00:00:00|0|e|subassemblies created: ['electrical_system', 'hydraulic_system', 'yaw_system', 'rotor_blades', 'generator', 'supporting_structure', 'drive_train']|windfarm initialization|initialization|e|e|||1.0|1|0|0|na|na|0|0|0|0|0|0
2025-04-07 12:08:16.021001|1999-01-01 00:00:00|0|h|subassemblies created: ['electrical_system', 'hydraulic_system', 'yaw_system', 'rotor_blades', 'generator', 'supporting_structure', 'drive_train']|windfarm initialization|initialization|h|h|||1.0|1|0|0|na|na|0|0|0|0|0|0
2025-04-07 12:08:16.056156|1999-01-01 00:00:00|0|B7|subassemblies created: ['electrical_system', 'hydraulic_system', 'yaw_system', 'rotor_blades', 'generator', 'supporting_structure', 'drive_train']|windfarm initialization|initialization|B7|B7|||1.0|1|0|0|na|na|0|0|0|0|0|0
2025-04-07 12:08:16.092490|1999-01-01 00:00:00|0|G4|subassemblies created: ['electrical_system', 'hydraulic_system', 'yaw_system', 'rotor_blades', 'generator', 'supporting_structure', 'drive_train']|windfarm initialization|initialization|G4|G4|||1.0|1|0|0|na|na|0|0|0|0|0|0
2025-04-07 12:08:16.137606|1999-01-01 00:00:00|0|H4|subassemblies created: ['electrical_system', 'hydraulic_system', 'yaw_system', 'rotor_blades', 'generator', 'supporting_structure', 'drive_train']|windfarm initialization|initialization|H4|H4|||1.0|1|0|0|na|na|0|0|0|0|0|0
2025-04-07 12:08:16.179546|1999-01-01 00:00:00|0|B1|subassemblies created: ['electrical_system', 'hydraulic_system', 'yaw_system', 'rotor_blades', 'generator', 'supporting_structure', 'drive_train']|windfarm initialization|initialization|B1|B1|||1.0|1|0|0|na|na|0|0|0|0|0|0
2025-04-07 12:08:16.220845|1999-01-01 00:00:00|0|d|subassemblies created: ['electrical_system', 'hydraulic_system', 'yaw_system', 'rotor_blades', 'generator', 'supporting_structure', 'drive_train']|windfarm initialization|initialization|d|d|||1.0|1|0|0|na|na|0|0|0|0|0|0
2025-04-07 12:08:16.264423|1999-01-01 00:00:00|0|A7|subassemblies created: ['electrical_system', 'hydraulic_system', 'yaw_system', 'rotor_blades', 'generator', 'supporting_structure', 'drive_train']|windfarm initialization|initialization|A7|A7|||1.0|1|0|0|na|na|0|0|0|0|0|0
2025-04-07 12:08:16.310121|1999-01-01 00:00:00|0|D7|subassemblies created: ['electrical_system', 'hydraulic_system', 'yaw_system', 'rotor_blades', 'generator', 'supporting_structure', 'drive_train']|windfarm initialization|initialization|D7|D7|||1.0|1|0|0|na|na|0|0|0|0|0|0
2025-04-07 12:08:16.350640|1999-01-01 00:00:00|0|C6|subassemblies created: ['electrical_system', 'hydraulic_system', 'yaw_system', 'rotor_blades', 'generator', 'supporting_structure', 'drive_train']|windfarm initialization|initialization|C6|C6|||1.0|1|0|0|na|na|0|0|0|0|0|0
2025-04-07 12:08:16.382980|1999-01-01 00:00:00|0|E5|subassemblies created: ['electrical_system', 'hydraulic_system', 'yaw_system', 'rotor_blades', 'generator', 'supporting_structure', 'drive_train']|windfarm initialization|initialization|E5|E5|||1.0|1|0|0|na|na|0|0|0|0|0|0
2025-04-07 12:08:16.413637|1999-01-01 00:00:00|0|D5|subassemblies created: ['electrical_system', 'hydraulic_system', 'yaw_system', 'rotor_blades', 'generator', 'supporting_structure', 'drive_train']|windfarm initialization|initialization|D5|D5|||1.0|1|0|0|na|na|0|0|0|0|0|0
2025-04-07 12:08:16.441547|1999-01-01 00:00:00|0|F4|subassemblies created: ['electrical_system', 'hydraulic_system', 'yaw_system', 'rotor_blades', 'generator', 'supporting_structure', 'drive_train']|windfarm initialization|initialization|F4|F4|||1.0|1|0|0|na|na|0|0|0|0|0|0
2025-04-07 12:08:16.467931|1999-01-01 00:00:00|0|G3|subassemblies created: ['electrical_system', 'hydraulic_system', 'yaw_system', 'rotor_blades', 'generator', 'supporting_structure', 'drive_train']|windfarm initialization|initialization|G3|G3|||1.0|1|0|0|na|na|0|0|0|0|0|0
2025-04-07 12:08:16.503327|1999-01-01 00:00:00|0|A1|subassemblies created: ['electrical_system', 'hydraulic_system', 'yaw_system', 'rotor_blades', 'generator', 'supporting_structure', 'drive_train']|windfarm initialization|initialization|A1|A1|||1.0|1|0|0|na|na|0|0|0|0|0|0
2025-04-07 12:08:16.530606|1999-01-01 00:00:00|0|c|subassemblies created: ['electrical_system', 'hydraulic_system', 'yaw_system', 'rotor_blades', 'generator', 'supporting_structure', 'drive_train']|windfarm initialization|initialization|c|c|||1.0|1|0|0|na|na|0|0|0|0|0|0
2025-04-07 12:08:16.556775|1999-01-01 00:00:00|0|b|subassemblies created: ['electrical_system', 'hydraulic_system', 'yaw_system', 'rotor_blades', 'generator', 'supporting_structure', 'drive_train']|windfarm initialization|initialization|b|b|||1.0|1|0|0|na|na|0|0|0|0|0|0
2025-04-07 12:08:16.582417|1999-01-01 00:00:00|0|G2|subassemblies created: ['electrical_system', 'hydraulic_system', 'yaw_system', 'rotor_blades', 'generator', 'supporting_structure', 'drive_train']|windfarm initialization|initialization|G2|G2|||1.0|1|0|0|na|na|0|0|0|0|0|0
2025-04-07 12:08:16.612977|1999-01-01 00:00:00|0|OSS|subassemblies created: ['transformer']|windfarm initialization|initialization|OSS|OSS|||1.0|1|0|0|na|na|0|0|0|0|0|0
2025-04-07 12:08:27.768809|1999-01-01 00:00:00|0|Crew Transfer Vessel 1|delay|work is complete|will return next year|||||0|0|8767|0|na|enroute|0|0|0|0|0|0
2025-04-07 12:08:27.769883|1999-01-01 00:00:00|0|Crew Transfer Vessel 2|delay|work is complete|will return next year|||||0|0|8767|0|na|enroute|0|0|0|0|0|0
2025-04-07 12:08:27.770885|1999-01-01 00:00:00|0|Crew Transfer Vessel 3|delay|work is complete|will return next year|||||0|0|8767|0|na|enroute|0|0|0|0|0|0
2025-04-07 12:08:27.840184|1999-01-01 10:23:16|10.387653481072737|electrical_system|repair request|power converter minor repair|severity level 1|f|f|electrical_system|electrical_system|1.0|1.0|0|0|RPR00000000|na|0|0|0|0|0|0
2025-04-07 12:08:27.850334|1999-01-03 12:03:06|60.051532189880106|hydraulic_system|repair request|minor pitch system repair|severity level 1|F7|F7|hydraulic_system|hydraulic_system|1.0|1.0|0|0|RPR00000001|na|0|0|0|0|0|0
2025-04-07 12:08:27.854322|1999-01-04 08:09:23|80.1563001239972|generator|repair request|direct drive generator minor repair|severity level 1|g|g|generator|generator|1.0|1.0|0|0|RPR00000002|na|0|0|0|0|0|0
2025-04-07 12:08:27.873171|1999-01-06 12:19:21|132.32245668311475|generator|repair request|direct drive generator minor repair|severity level 1|D1|D1|generator|generator|1.0|1.0|0|0|RPR00000003|na|0|0|0|0|0|0
2025-04-07 12:08:27.876672|1999-01-06 19:30:45|139.5124074008083|electrical_system|repair request|power electrical system minor repair|severity level 1|H4|H4|electrical_system|electrical_system|1.0|1.0|0|0|RPR00000004|na|0|0|0|0|0|0
2025-04-07 12:08:27.887927|1999-01-09 03:13:57|195.23237654792953|hydraulic_system|repair request|minor pitch system repair|severity level 1|E4|E4|hydraulic_system|hydraulic_system|1.0|1.0|0|0|RPR00000005|na|0|0|0|0|0|0
2025-04-07 12:08:27.888924|1999-01-09 05:27:46|197.4627154118295|generator|repair request|direct drive generator major repair|severity level 2|w3|w3|generator|generator|1.0|1.0|0|0|RPR00000006|na|0|0|0|0|0|0
