id,substation_id,name,type,latitude,longitude,string_actual,order_actual,string,order,distance,subassembly,upstream_cable,easting,northing,floris_x,floris_y,cable_length,bury_speed
A7,OSS,A7,turbine,-41.70560556,-74.67750502,0,0,0,0,0,15MW_core_wind_floating.yaml,array_core_wind.yaml,12822.7,1677.22,12822.7,1677.22,0,0
B7,OSS,B7,turbine,-41.66269051,-74.67031126,0,1,0,1,0,15MW_core_wind_floating.yaml,array_core_wind.yaml,13404.7,3276.2,13404.7,3276.2,0,0
C7,OSS,C7,turbine,-41.61981624,-74.66310956,0,2,0,2,0,15MW_core_wind_floating.yaml,array_core_wind.yaml,13986.7,4875.18,13986.7,4875.18,0,0
D7,OSS,D7,turbine,-41.57698273,-74.65589992,0,3,0,3,0,15MW_core_wind_floating.yaml,array_core_wind.yaml,11388.4,2199.28,11388.4,2199.28,0,0
E7,OSS,E7,turbine,-41.53418997,-74.64868235,0,4,0,4,0,15MW_core_wind_floating.yaml,array_core_wind.yaml,11970.4,3798.26,11970.4,3798.26,0,0
F7,OSS,F7,turbine,-41.49143795,-74.64145688,0,5,0,5,0,15MW_core_wind_floating.yaml,array_core_wind.yaml,12552.3,5397.24,12552.3,5397.24,0,0
G7,OSS,G7,turbine,-41.44872665,-74.63422351,0,6,0,6,0,15MW_core_wind_floating.yaml,array_core_wind.yaml,13134.3,6996.22,13134.3,6996.22,0,0
A6,OSS,A6,turbine,-41.67838989,-74.68885434,1,0,1,0,0,15MW_core_wind_floating.yaml,array_core_wind.yaml,13716.3,8595.2,13716.3,8595.2,0,0
B6,OSS,B6,turbine,-41.63545724,-74.681655,1,1,1,1,0,15MW_core_wind_floating.yaml,array_core_wind.yaml,14298.3,10194.2,14298.3,10194.2,0,0
C6,OSS,C6,turbine,-41.59256545,-74.67444772,1,2,1,2,0,15MW_core_wind_floating.yaml,array_core_wind.yaml,9954.03,2721.34,9954.03,2721.34,0,0
D6,OSS,D6,turbine,-41.54971449,-74.66723249,1,3,1,3,0,15MW_core_wind_floating.yaml,array_core_wind.yaml,10536,4320.32,10536,4320.32,0,0
E6,OSS,E6,turbine,-41.50690436,-74.66000934,1,4,1,4,0,15MW_core_wind_floating.yaml,array_core_wind.yaml,11118,5919.3,11118,5919.3,0,0
F6,OSS,F6,turbine,-41.46413505,-74.65277828,1,5,1,5,0,15MW_core_wind_floating.yaml,array_core_wind.yaml,11700,7518.28,11700,7518.28,0,0
G6,OSS,G6,turbine,-41.42140653,-74.64553932,1,6,1,6,0,15MW_core_wind_floating.yaml,array_core_wind.yaml,12282,9117.26,12282,9117.26,0,0
A5,OSS,A5,turbine,-41.65113336,-74.70020011,2,0,2,0,0,15MW_core_wind_floating.yaml,array_core_wind.yaml,12863.9,10716.2,12863.9,10716.2,0,0
B5,OSS,B5,turbine,-41.60818312,-74.69299518,2,1,2,1,0,15MW_core_wind_floating.yaml,array_core_wind.yaml,13445.9,12315.2,13445.9,12315.2,0,0
C5,OSS,C5,turbine,-41.56527381,-74.6857823,2,2,2,2,0,15MW_core_wind_floating.yaml,array_core_wind.yaml,14027.9,13914.2,14027.9,13914.2,0,0
D5,OSS,D5,turbine,-41.52240543,-74.67856149,2,3,2,3,0,15MW_core_wind_floating.yaml,array_core_wind.yaml,7937.71,1644.42,7937.71,1644.42,0,0
E5,OSS,E5,turbine,-41.47957794,-74.67133275,2,4,2,4,0,15MW_core_wind_floating.yaml,array_core_wind.yaml,8519.69,3243.4,8519.69,3243.4,0,0
F5,OSS,F5,turbine,-41.43679134,-74.66409609,2,5,2,5,0,15MW_core_wind_floating.yaml,array_core_wind.yaml,9101.67,4842.38,9101.67,4842.38,0,0
G5,OSS,G5,turbine,-41.39404563,-74.65685154,2,6,2,6,0,15MW_core_wind_floating.yaml,array_core_wind.yaml,9683.65,6441.36,9683.65,6441.36,0,0
A4,OSS,A4,turbine,-41.62383588,-74.71154231,3,0,3,0,0,15MW_core_wind_floating.yaml,array_core_wind.yaml,10265.6,8040.34,10265.6,8040.34,0,0
B4,OSS,B4,turbine,-41.58086807,-74.70433179,3,1,3,1,0,15MW_core_wind_floating.yaml,array_core_wind.yaml,10847.6,9639.32,10847.6,9639.32,0,0
C4,OSS,C4,turbine,-41.53794126,-74.69711331,3,2,3,2,0,15MW_core_wind_floating.yaml,array_core_wind.yaml,11429.6,11238.3,11429.6,11238.3,0,0
D4,OSS,D4,turbine,-41.49505545,-74.6898869,3,3,3,3,0,15MW_core_wind_floating.yaml,array_core_wind.yaml,12011.6,12837.3,12011.6,12837.3,0,0
E4,OSS,E4,turbine,-41.45221063,-74.68265256,3,4,3,4,0,15MW_core_wind_floating.yaml,array_core_wind.yaml,12593.6,14436.3,12593.6,14436.3,0,0
F4,OSS,F4,turbine,-41.40940676,-74.67541031,3,5,3,5,0,15MW_core_wind_floating.yaml,array_core_wind.yaml,6503.36,2166.48,6503.36,2166.48,0,0
G4,OSS,G4,turbine,-41.36664386,-74.66816015,3,6,3,6,0,15MW_core_wind_floating.yaml,array_core_wind.yaml,7085.34,3765.46,7085.34,3765.46,0,0
A3,OSS,A3,turbine,-41.59649739,-74.72288094,4,0,4,0,0,15MW_core_wind_floating.yaml,array_core_wind.yaml,7667.32,5364.44,7667.32,5364.44,0,0
B3,OSS,B3,turbine,-41.55351201,-74.71566482,4,1,4,1,0,15MW_core_wind_floating.yaml,array_core_wind.yaml,8249.3,6963.42,8249.3,6963.42,0,0
C3,OSS,C3,turbine,-41.51056772,-74.70844074,4,2,4,2,0,15MW_core_wind_floating.yaml,array_core_wind.yaml,8831.28,8562.4,8831.28,8562.4,0,0
D3,OSS,D3,turbine,-41.4676645,-74.70120872,4,3,4,3,0,15MW_core_wind_floating.yaml,array_core_wind.yaml,9413.27,10161.4,9413.27,10161.4,0,0
E3,OSS,E3,turbine,-41.42480234,-74.69396878,5,0,5,0,0,15MW_core_wind_floating.yaml,array_core_wind.yaml,9995.25,11760.4,9995.25,11760.4,0,0
F3,OSS,F3,turbine,-41.38198123,-74.68672092,5,1,5,1,0,15MW_core_wind_floating.yaml,array_core_wind.yaml,10577.2,13359.3,10577.2,13359.3,0,0
G3,OSS,G3,turbine,-41.33920115,-74.67946516,5,2,5,2,0,15MW_core_wind_floating.yaml,array_core_wind.yaml,5069.01,2688.54,5069.01,2688.54,0,0
H4,OSS,H4,turbine,-41.32392189,-74.66090211,5,3,5,3,0,15MW_core_wind_floating.yaml,array_core_wind.yaml,5650.99,4287.52,5650.99,4287.52,0,0
A2,OSS,A2,turbine,-41.5691178,-74.73421599,6,0,6,0,0,15MW_core_wind_floating.yaml,array_core_wind.yaml,6232.98,5886.5,6232.98,5886.5,0,0
B2,OSS,B2,turbine,-41.52611487,-74.72699426,6,1,6,1,0,15MW_core_wind_floating.yaml,array_core_wind.yaml,6814.96,7485.48,6814.96,7485.48,0,0
C2,OSS,C2,turbine,-41.4831531,-74.71976457,6,2,6,2,0,15MW_core_wind_floating.yaml,array_core_wind.yaml,7396.94,9084.46,7396.94,9084.46,0,0
D2,OSS,D2,turbine,-41.44023249,-74.71252694,6,3,6,3,0,15MW_core_wind_floating.yaml,array_core_wind.yaml,7978.92,10683.4,7978.92,10683.4,0,0
E2,OSS,E2,turbine,-41.39735301,-74.70528138,6,4,6,4,0,15MW_core_wind_floating.yaml,array_core_wind.yaml,8560.9,12282.4,8560.9,12282.4,0,0
F2,OSS,F2,turbine,-41.35451466,-74.69802791,6,5,6,5,0,15MW_core_wind_floating.yaml,array_core_wind.yaml,9142.88,13881.4,9142.88,13881.4,0,0
G2,OSS,G2,turbine,-41.31171742,-74.69076654,6,6,6,6,0,15MW_core_wind_floating.yaml,array_core_wind.yaml,3052.68,1611.61,3052.68,1611.61,0,0
A1,OSS,A1,turbine,-41.54169703,-74.74554745,7,0,7,0,0,15MW_core_wind_floating.yaml,array_core_wind.yaml,3634.67,3210.6,3634.67,3210.6,0,0
B1,OSS,B1,turbine,-41.49867656,-74.7383201,7,1,7,1,0,15MW_core_wind_floating.yaml,array_core_wind.yaml,4216.65,4809.58,4216.65,4809.58,0,0
C1,OSS,C1,turbine,-41.45569734,-74.7310848,7,2,7,2,0,15MW_core_wind_floating.yaml,array_core_wind.yaml,4798.63,6408.56,4798.63,6408.56,0,0
D1,OSS,D1,turbine,-41.41275934,-74.72384155,7,3,7,3,0,15MW_core_wind_floating.yaml,array_core_wind.yaml,5380.61,8007.54,5380.61,8007.54,0,0
E1,OSS,E1,turbine,-41.36986256,-74.71659038,7,4,7,4,0,15MW_core_wind_floating.yaml,array_core_wind.yaml,5962.59,9606.52,5962.59,9606.52,0,0
F1,OSS,F1,turbine,-41.32700699,-74.70933129,7,5,7,5,0,15MW_core_wind_floating.yaml,array_core_wind.yaml,6544.57,11205.5,6544.57,11205.5,0,0
G1,OSS,G1,turbine,-41.2841926,-74.7020643,7,6,7,6,0,15MW_core_wind_floating.yaml,array_core_wind.yaml,7126.55,12804.5,7126.55,12804.5,0,0
OSS,OSS,OSS,substation,-41.66684471,-74.71874487,,,,,,15MW_core_wind_floating.yaml,array_core_wind.yaml,7708.54,14403.5,7708.54,14403.5,0,0
,,,,,,,,,,,15MW_core_wind_floating.yaml,array_core_wind.yaml,1618.34,2133.67,1618.34,2133.67,0,0
,,,,,,,,,,,15MW_core_wind_floating.yaml,array_core_wind.yaml,2200.32,3732.66,2200.32,3732.66,0,0
,,,,,,,,,,,15MW_core_wind_floating.yaml,array_core_wind.yaml,2782.3,5331.64,2782.3,5331.64,0,0
,,,,,,,,,,,15MW_core_wind_floating.yaml,array_core_wind.yaml,3364.28,6930.62,3364.28,6930.62,0,0
,,,,,,,,,,,15MW_core_wind_floating.yaml,array_core_wind.yaml,3946.26,8529.6,3946.26,8529.6,0,0
,,,,,,,,,,,15MW_core_wind_floating.yaml,array_core_wind.yaml,4528.24,10128.6,4528.24,10128.6,0,0
,,,,,,,,,,,15MW_core_wind_floating.yaml,array_core_wind.yaml,5110.23,11727.6,5110.23,11727.6,0,0
,,,,,,,,,,,15MW_core_wind_floating.yaml,array_core_wind.yaml,5692.21,13326.5,5692.21,13326.5,0,0
,,,,,,,,,,,15MW_core_wind_floating.yaml,array_core_wind.yaml,1929.93,7452.68,1929.93,7452.68,0,0
,,,,,,,,,,,15MW_core_wind_floating.yaml,array_core_wind.yaml,2511.92,9051.66,2511.92,9051.66,0,0
,,,,,,,,,,,15MW_core_wind_floating.yaml,array_core_wind.yaml,3093.9,10650.6,3093.9,10650.6,0,0
,,,,,,,,,,,15MW_core_wind_floating.yaml,array_core_wind.yaml,3675.88,12249.6,3675.88,12249.6,0,0
,,,,,,,,,,,15MW_core_wind_floating.yaml,array_core_wind.yaml,4257.86,13848.6,4257.86,13848.6,0,0
,,,,,,,,,,,15MW_core_wind_floating.yaml,array_core_wind.yaml,1659.55,11172.7,1659.55,11172.7,0,0
,,,,,,,,,,,15MW_core_wind_floating.yaml,array_core_wind.yaml,2241.53,12771.7,2241.53,12771.7,0,0
,,,,,,,,,,,15MW_core_wind_floating.yaml,array_core_wind.yaml,2823.51,14370.7,2823.51,14370.7,0,0
,,,,,,,,,,,offshore_substation_core_wind.yaml,export_core_wind.yaml,14568.7,6474.16,14568.7,6474.16,0,0
